-- phpMyAdmin SQL Dump
-- version 5.1.1
-- https://www.phpmyadmin.net/
--
-- Host: 127.0.0.1
-- Generation Time: Jan 14, 2023 at 06:32 PM
-- Server version: 10.4.22-MariaDB
-- PHP Version: 8.0.13

SET SQL_MODE = "NO_AUTO_VALUE_ON_ZERO";
START TRANSACTION;
SET time_zone = "+00:00";


/*!40101 SET @OLD_CHARACTER_SET_CLIENT=@@CHARACTER_SET_CLIENT */;
/*!40101 SET @OLD_CHARACTER_SET_RESULTS=@@CHARACTER_SET_RESULTS */;
/*!40101 SET @OLD_COLLATION_CONNECTION=@@COLLATION_CONNECTION */;
/*!40101 SET NAMES utf8mb4 */;

--
-- Database: `hamahd`
--

-- --------------------------------------------------------

--
-- Table structure for table `active_codes`
--

CREATE TABLE `active_codes` (
  `id` bigint(20) UNSIGNED NOT NULL,
  `user_id` bigint(20) UNSIGNED NOT NULL,
  `code` int(11) NOT NULL,
  `expired_at` timestamp NULL DEFAULT NULL
) ENGINE=InnoDB DEFAULT CHARSET=utf8mb4 COLLATE=utf8mb4_unicode_ci;

-- --------------------------------------------------------

--
-- Table structure for table `categories`
--

CREATE TABLE `categories` (
  `id` int(10) UNSIGNED NOT NULL,
  `title` varchar(191) COLLATE utf8mb4_unicode_ci NOT NULL,
  `slug` varchar(191) COLLATE utf8mb4_unicode_ci NOT NULL,
  `status` int(11) NOT NULL DEFAULT 1
) ENGINE=InnoDB DEFAULT CHARSET=utf8mb4 COLLATE=utf8mb4_unicode_ci;

--
-- Dumping data for table `categories`
--

INSERT INTO `categories` (`id`, `title`, `slug`, `status`) VALUES
(1, 'نوشتاری', 'write', 1),
(2, 'گفتاری صوتی', 'speech', 1),
(3, 'گفتاری ویدئو', 'clip', 1),
(4, 'تصاویر', 'gallery', 1);

-- --------------------------------------------------------

--
-- Table structure for table `category_dashes`
--

CREATE TABLE `category_dashes` (
  `id` int(10) UNSIGNED NOT NULL,
  `title` varchar(191) COLLATE utf8mb4_unicode_ci NOT NULL,
  `name_id` varchar(255) COLLATE utf8mb4_unicode_ci NOT NULL,
  `status` int(11) NOT NULL DEFAULT 1,
  `created_at` timestamp NULL DEFAULT NULL,
  `updated_at` timestamp NULL DEFAULT NULL
) ENGINE=InnoDB DEFAULT CHARSET=utf8mb4 COLLATE=utf8mb4_unicode_ci;

--
-- Dumping data for table `category_dashes`
--

INSERT INTO `category_dashes` (`id`, `title`, `name_id`, `status`, `created_at`, `updated_at`) VALUES
(1, 'تاکسیرانی', 'nav-home', 1, NULL, NULL),
(2, 'برند', 'nav-profile', 1, NULL, NULL),
(3, 'تب کار', 'nav-contact', 1, NULL, NULL);

-- --------------------------------------------------------

--
-- Table structure for table `cities`
--

CREATE TABLE `cities` (
  `id` bigint(20) UNSIGNED NOT NULL,
  `title` varchar(255) COLLATE utf8mb4_unicode_ci NOT NULL,
  `status` tinyint(1) NOT NULL DEFAULT 1,
  `state_id` bigint(20) UNSIGNED DEFAULT NULL
) ENGINE=InnoDB DEFAULT CHARSET=utf8mb4 COLLATE=utf8mb4_unicode_ci;

--
-- Dumping data for table `cities`
--

INSERT INTO `cities` (`id`, `title`, `status`, `state_id`) VALUES
(1, 'آذرشهر', 4, 1),
(2, 'تيمورلو', 4, 1),
(3, 'گوگان', 4, 1),
(4, 'ممقان', 4, 1),
(5, 'اسکو', 4, 1),
(6, 'ايلخچي', 4, 1),
(7, 'سهند', 4, 1),
(8, 'اهر', 4, 1),
(9, 'هوراند', 4, 1),
(10, 'بستان آباد', 4, 1),
(11, 'تيکمه داش', 4, 1),
(12, 'بناب', 4, 1),
(13, 'باسمنج', 4, 1),
(14, 'تبريز', 4, 1),
(15, 'خسروشاه', 4, 1),
(16, 'سردرود', 4, 1),
(17, 'جلفا', 4, 1),
(18, 'سيه رود', 4, 1),
(19, 'هاديشهر', 4, 1),
(20, 'قره آغاج', 4, 1),
(21, 'خمارلو', 4, 1),
(22, 'دوزدوزان', 4, 1),
(23, 'سراب', 4, 1),
(24, 'شربيان', 4, 1),
(25, 'مهربان', 4, 1),
(26, 'تسوج', 4, 1),
(27, 'خامنه', 4, 1),
(28, 'سيس', 4, 1),
(29, 'شبستر', 4, 1),
(30, 'شرفخانه', 4, 1),
(31, 'شندآباد', 4, 1),
(32, 'صوفيان', 4, 1),
(33, 'کوزه کنان', 4, 1),
(34, 'وايقان', 4, 1),
(35, 'جوان قلعه', 4, 1),
(36, 'عجب شير', 4, 1),
(37, 'آبش احمد', 4, 1),
(38, 'کليبر', 4, 1),
(39, 'خداجو(خراجو)', 4, 1),
(40, 'مراغه', 4, 1),
(41, 'بناب مرند', 4, 1),
(42, 'زنوز', 4, 1),
(43, 'کشکسراي', 4, 1),
(44, 'مرند', 4, 1),
(45, 'يامچي', 4, 1),
(46, 'ليلان', 4, 1),
(47, 'مبارک شهر', 4, 1),
(48, 'ملکان', 4, 1),
(49, 'آقکند', 4, 1),
(50, 'اچاچي', 4, 1),
(51, 'ترک', 4, 1),
(52, 'ترکمانچاي', 4, 1),
(53, 'ميانه', 4, 1),
(54, 'خاروانا', 4, 1),
(55, 'ورزقان', 4, 1),
(58, 'زرنق', 4, 1),
(59, 'کلوانق', 4, 1),
(60, 'هريس', 4, 1),
(61, 'نظرکهريزي', 4, 1),
(62, 'هشترود', 4, 1),
(63, 'اروميه', 4, 2),
(64, 'سرو', 4, 2),
(65, 'سيلوانه', 4, 2),
(66, 'قوشچي', 4, 2),
(67, 'نوشين', 4, 2),
(68, 'اشنويه', 4, 2),
(69, 'نالوس', 4, 2),
(70, 'بوکان', 4, 2),
(71, 'سيمينه', 4, 2),
(72, 'پلدشت', 4, 2),
(73, 'نازک عليا', 4, 2),
(74, 'پيرانشهر', 4, 2),
(75, 'گردکشانه', 4, 2),
(76, 'تکاب', 4, 2),
(77, 'آواجيق', 4, 2),
(78, 'سيه چشمه', 4, 2),
(79, 'قره ضياءالدين', 4, 2),
(80, 'ايواوغلي', 4, 2),
(81, 'خوي', 4, 2),
(82, 'ديزج ديز', 4, 2),
(83, 'زرآباد', 4, 2),
(84, 'فيرورق', 4, 2),
(85, 'قطور', 4, 2),
(86, 'ربط', 4, 2),
(87, 'سردشت', 4, 2),
(88, 'ميرآباد', 4, 2),
(89, 'تازه شهر', 4, 2),
(90, 'سلماس', 4, 2),
(91, 'شاهين دژ', 4, 2),
(92, 'کشاورز', 4, 2),
(93, 'محمودآباد', 4, 2),
(94, 'شوط', 4, 2),
(95, 'مرگنلر', 4, 2),
(96, 'بازرگان', 4, 2),
(97, 'ماکو', 4, 2),
(98, 'خليفان', 4, 2),
(99, 'مهاباد', 4, 2),
(100, 'باروق', 4, 2),
(101, 'چهاربرج', 4, 2),
(102, 'مياندوآب', 4, 2),
(103, 'محمديار', 4, 2),
(104, 'نقده', 4, 2),
(105, 'اردبيل', 4, 3),
(106, 'هير', 4, 3),
(107, 'بيله سوار', 4, 3),
(108, 'جعفرآباد', 4, 3),
(109, 'اسلام اباد', 4, 3),
(110, 'اصلاندوز', 4, 3),
(111, 'پارس آباد', 4, 3),
(112, 'تازه کند', 4, 3),
(113, 'خلخال', 4, 3),
(114, 'کلور', 4, 3),
(115, 'هشتجين', 4, 3),
(116, 'سرعين', 4, 3),
(117, 'گيوي', 4, 3),
(118, 'تازه کندانگوت', 4, 3),
(119, 'گرمي', 4, 3),
(120, 'رضي', 4, 3),
(121, 'فخراباد', 4, 3),
(122, 'قصابه', 4, 3),
(123, 'لاهرود', 4, 3),
(124, 'مرادلو', 4, 3),
(125, 'مشگين شهر', 4, 3),
(126, 'آبي بيگلو', 4, 3),
(127, 'عنبران', 4, 3),
(128, 'نمين', 4, 3),
(129, 'کوراييم', 4, 3),
(130, 'نير', 4, 3),
(131, 'آران وبيدگل', 4, 4),
(132, 'ابوزيدآباد', 4, 4),
(133, 'سفيدشهر', 4, 4),
(134, 'نوش آباد', 4, 4),
(135, 'اردستان', 4, 4),
(136, 'زواره', 4, 4),
(137, 'مهاباد', 4, 4),
(138, 'اژيه', 4, 4),
(139, 'اصفهان', 4, 4),
(140, 'بهارستان', 4, 4),
(141, 'تودشک', 4, 4),
(142, 'حسن اباد', 4, 4),
(143, 'زيار', 4, 4),
(144, 'سجزي', 4, 4),
(145, 'قهجاورستان', 4, 4),
(146, 'کوهپايه', 4, 4),
(147, 'محمدآباد', 4, 4),
(148, 'نصرآباد', 4, 4),
(149, 'نيک آباد', 4, 4),
(150, 'ورزنه', 4, 4),
(151, 'هرند', 4, 4),
(152, 'حبيب آباد', 4, 4),
(153, 'خورزوق', 4, 4),
(154, 'دستگرد', 4, 4),
(155, 'دولت آباد', 4, 4),
(156, 'سين', 4, 4),
(157, 'شاپورآباد', 4, 4),
(158, 'کمشچه', 4, 4),
(159, 'افوس', 4, 4),
(160, 'بويين ومياندشت', 4, 4),
(161, 'تيران', 4, 4),
(162, 'رضوانشهر', 4, 4),
(163, 'عسگران', 4, 4),
(164, 'چادگان', 4, 4),
(165, 'رزوه', 4, 4),
(166, 'اصغرآباد', 4, 4),
(167, 'خميني شهر', 4, 4),
(168, 'درچه', 4, 4),
(169, 'کوشک', 4, 4),
(170, 'خوانسار', 4, 4),
(171, 'جندق', 4, 4),
(172, 'خور', 4, 4),
(173, 'فرخي', 4, 4),
(174, 'دهاقان', 4, 4),
(175, 'گلشن', 4, 4),
(176, 'حنا', 4, 4),
(177, 'سميرم', 4, 4),
(178, 'کمه', 4, 4),
(179, 'ونک', 4, 4),
(180, 'شاهين شهر', 4, 4),
(181, 'گرگاب', 4, 4),
(182, 'گزبرخوار', 4, 4),
(183, 'لاي بيد', 4, 4),
(184, 'ميمه', 4, 4),
(185, 'وزوان', 4, 4),
(186, 'شهرضا', 4, 4),
(187, 'منظريه', 4, 4),
(188, 'داران', 4, 4),
(189, 'دامنه', 4, 4),
(190, 'برف انبار', 4, 4),
(191, 'فريدونشهر', 4, 4),
(192, 'ابريشم', 4, 4),
(193, 'ايمانشهر', 4, 4),
(194, 'بهاران شهر', 4, 4),
(195, 'پيربکران', 4, 4),
(196, 'زازران', 4, 4),
(197, 'فلاورجان', 4, 4),
(198, 'قهدريجان', 4, 4),
(199, 'کليشادوسودرجان', 4, 4),
(200, 'برزک', 4, 4),
(201, 'جوشقان قالي', 4, 4),
(202, 'قمصر', 4, 4),
(203, 'کاشان', 4, 4),
(204, 'کامو و چوگان', 4, 4),
(205, 'مشکات', 4, 4),
(206, 'نياسر', 4, 4),
(207, 'گلپايگان', 4, 4),
(208, 'گلشهر', 4, 4),
(209, 'گوگد', 4, 4),
(210, 'باغ بهادران', 4, 4),
(211, 'باغشاد', 4, 4),
(212, 'چرمهين', 4, 4),
(213, 'چمگردان', 4, 4),
(214, 'زاينده رود', 4, 4),
(215, 'زرين شهر', 4, 4),
(216, 'سده لنجان', 4, 4),
(217, 'فولادشهر', 4, 4),
(218, 'ورنامخواست', 4, 4),
(219, 'ديزيچه', 4, 4),
(220, 'زيباشهر', 4, 4),
(221, 'طالخونچه', 4, 4),
(222, 'کرکوند', 4, 4),
(223, 'مبارکه', 4, 4),
(224, 'مجلسي', 4, 4),
(225, 'انارک', 4, 4),
(226, 'بافران', 4, 4),
(227, 'نايين', 4, 4),
(228, 'جوزدان', 4, 4),
(229, 'دهق', 4, 4),
(230, 'علويجه', 4, 4),
(231, 'کهريزسنگ', 4, 4),
(232, 'گلدشت', 4, 4),
(233, 'نجف آباد', 4, 4),
(234, 'بادرود', 4, 4),
(235, 'خالدآباد', 4, 4),
(236, 'طرق رود', 4, 4),
(237, 'نطنز', 4, 4),
(238, 'اشتهارد', 4, 5),
(239, 'چهارباغ', 4, 5),
(240, 'شهرجديدهشتگرد', 4, 5),
(241, 'کوهسار', 4, 5),
(242, 'گلسار', 4, 5),
(243, 'هشتگرد', 4, 5),
(244, 'طالقان', 4, 5),
(245, 'فرديس', 4, 5),
(246, 'مشکين دشت', 4, 5),
(247, 'آسارا', 4, 5),
(248, 'کرج', 4, 5),
(249, 'کمال شهر', 4, 5),
(250, 'گرمدره', 4, 5),
(251, 'ماهدشت', 4, 5),
(252, 'محمدشهر', 4, 5),
(253, 'تنکمان', 4, 5),
(254, 'نظرآباد', 4, 5),
(255, 'آبدانان', 4, 6),
(256, 'سراب باغ', 4, 6),
(257, 'مورموري', 4, 6),
(258, 'ايلام', 4, 6),
(259, 'چوار', 4, 6),
(260, 'ايوان', 4, 6),
(261, 'زرنه', 4, 6),
(262, 'بدره', 4, 6),
(263, 'آسمان آباد', 4, 6),
(264, 'بلاوه', 4, 6),
(265, 'توحيد', 4, 6),
(266, 'سرابله', 4, 6),
(267, 'شباب', 4, 6),
(268, 'دره شهر', 4, 6),
(269, 'ماژين', 4, 6),
(270, 'پهله', 4, 6),
(271, 'دهلران', 4, 6),
(272, 'موسيان', 4, 6),
(273, 'ميمه', 4, 6),
(274, 'لومار', 4, 6),
(275, 'ارکواز', 4, 6),
(276, 'دلگشا', 4, 6),
(277, 'مهر', 4, 6),
(278, 'صالح آباد', 4, 6),
(279, 'مهران', 4, 6),
(280, 'بوشهر', 4, 7),
(281, 'چغادک', 4, 7),
(282, 'خارک', 4, 7),
(283, 'عالي شهر', 4, 7),
(284, 'آباد', 4, 7),
(285, 'اهرم', 4, 7),
(286, 'دلوار', 4, 7),
(287, 'انارستان', 4, 7),
(288, 'جم', 4, 7),
(289, 'ريز', 4, 7),
(290, 'آب پخش', 4, 7),
(291, 'برازجان', 4, 7),
(292, 'بوشکان', 4, 7),
(293, 'تنگ ارم', 4, 7),
(294, 'دالکي', 4, 7),
(295, 'سعد آباد', 4, 7),
(296, 'شبانکاره', 4, 7),
(297, 'کلمه', 4, 7),
(298, 'وحدتيه', 4, 7),
(299, 'بادوله', 4, 7),
(300, 'خورموج', 4, 7),
(301, 'شنبه', 4, 7),
(302, 'کاکي', 4, 7),
(303, 'آبدان', 4, 7),
(304, 'بردخون', 4, 7),
(305, 'بردستان', 4, 7),
(306, 'بندردير', 4, 7),
(307, 'دوراهک', 4, 7),
(308, 'امام حسن', 4, 7),
(309, 'بندرديلم', 4, 7),
(310, 'عسلويه', 4, 7),
(311, 'نخل تقي', 4, 7),
(312, 'بندرکنگان', 4, 7),
(313, 'بنک', 4, 7),
(314, 'سيراف', 4, 7),
(315, 'بندرريگ', 4, 7),
(316, 'بندرگناوه', 4, 7),
(317, 'احمد آباد مستوفي', 4, 8),
(318, 'اسلامشهر', 4, 8),
(319, 'چهاردانگه', 4, 8),
(320, 'صالحيه', 4, 8),
(321, 'گلستان', 4, 8),
(322, 'نسيم شهر', 4, 8),
(323, 'پاکدشت', 4, 8),
(324, 'شريف آباد', 4, 8),
(325, 'فرون اباد', 4, 8),
(326, 'بومهن', 4, 8),
(327, 'پرديس', 4, 8),
(328, 'پيشوا', 4, 8),
(329, 'تهران', 4, 8),
(330, 'آبسرد', 4, 8),
(331, 'آبعلي', 4, 8),
(332, 'دماوند', 4, 8),
(333, 'رودهن', 4, 8),
(334, 'کيلان', 4, 8),
(335, 'پرند', 4, 8),
(336, 'رباطکريم', 4, 8),
(337, 'نصيرشهر', 4, 8),
(338, 'باقرشهر', 4, 8),
(339, 'حسن آباد', 4, 8),
(340, 'شهرري', 4, 8),
(341, 'کهريزک', 4, 8),
(342, 'تجريش', 4, 8),
(343, 'شمشک', 4, 8),
(344, 'فشم', 4, 8),
(345, 'لواسان', 4, 8),
(346, 'انديشه', 4, 8),
(347, 'باغستان', 4, 8),
(348, 'شاهدشهر', 4, 8),
(349, 'شهريار', 4, 8),
(350, 'صباشهر', 4, 8),
(351, 'فردوسيه', 4, 8),
(352, 'وحيديه', 4, 8),
(353, 'ارجمند', 4, 8),
(354, 'فيروزکوه', 4, 8),
(355, 'قدس', 4, 8),
(356, 'قرچک', 4, 8),
(357, 'صفادشت', 4, 8),
(358, 'ملارد', 4, 8),
(359, 'جوادآباد', 4, 8),
(360, 'ورامين', 4, 8),
(361, 'اردل', 4, 9),
(362, 'دشتک', 4, 9),
(363, 'سرخون', 4, 9),
(364, 'کاج', 4, 9),
(365, 'بروجن', 4, 9),
(366, 'بلداجي', 4, 9),
(367, 'سفيددشت', 4, 9),
(368, 'فرادبنه', 4, 9),
(369, 'گندمان', 4, 9),
(370, 'نقنه', 4, 9),
(371, 'بن', 4, 9),
(372, 'وردنجان', 4, 9),
(373, 'سامان', 4, 9),
(374, 'سودجان', 4, 9),
(375, 'سورشجان', 4, 9),
(376, 'شهرکرد', 4, 9),
(377, 'طاقانک', 4, 9),
(378, 'فرخ شهر', 4, 9),
(379, 'کيان', 4, 9),
(380, 'نافچ', 4, 9),
(381, 'هاروني', 4, 9),
(382, 'هفشجان', 4, 9),
(383, 'باباحيدر', 4, 9),
(384, 'پردنجان', 4, 9),
(385, 'جونقان', 4, 9),
(386, 'چليچه', 4, 9),
(387, 'فارسان', 4, 9),
(388, 'گوجان', 4, 9),
(389, 'بازفت', 4, 9),
(390, 'چلگرد', 4, 9),
(391, 'صمصامي', 4, 9),
(392, 'دستنا', 4, 9),
(393, 'شلمزار', 4, 9),
(394, 'گهرو', 4, 9),
(395, 'ناغان', 4, 9),
(396, 'آلوني', 4, 9),
(397, 'سردشت', 4, 9),
(398, 'لردگان', 4, 9),
(399, 'مال خليفه', 4, 9),
(400, 'منج', 4, 9),
(401, 'ارسک', 4, 10),
(402, 'بشرويه', 4, 10),
(403, 'بيرجند', 4, 10),
(404, 'خوسف', 4, 10),
(405, 'محمدشهر', 4, 10),
(406, 'اسديه', 4, 10),
(407, 'طبس مسينا', 4, 10),
(408, 'قهستان', 4, 10),
(409, 'گزيک', 4, 10),
(410, 'حاجي آباد', 4, 10),
(411, 'زهان', 4, 10),
(412, 'آيسک', 4, 10),
(413, 'سرايان', 4, 10),
(414, 'سه قلعه', 4, 10),
(415, 'سربيشه', 4, 10),
(416, 'مود', 4, 10),
(417, 'ديهوک', 4, 10),
(418, 'طبس', 4, 10),
(419, 'عشق آباد', 4, 10),
(420, 'اسلاميه', 4, 10),
(421, 'فردوس', 4, 10),
(422, 'آرين شهر', 4, 10),
(423, 'اسفدن', 4, 10),
(424, 'خضري دشت بياض', 4, 10),
(425, 'قاين', 4, 10),
(426, 'نيمبلوک', 4, 10),
(427, 'شوسف', 4, 10),
(428, 'نهبندان', 4, 10),
(429, 'باخرز', 4, 11),
(430, 'بجستان', 4, 11),
(431, 'يونسي', 4, 11),
(432, 'انابد', 4, 11),
(433, 'بردسکن', 4, 11),
(434, 'شهراباد', 4, 11),
(435, 'شانديز', 4, 11),
(436, 'طرقبه', 4, 11),
(437, 'تايباد', 4, 11),
(438, 'کاريز', 4, 11),
(439, 'مشهدريزه', 4, 11),
(440, 'احمدابادصولت', 4, 11),
(441, 'تربت جام', 4, 11),
(442, 'صالح آباد', 4, 11),
(443, 'نصرآباد', 4, 11),
(444, 'نيل شهر', 4, 11),
(445, 'بايک', 4, 11),
(446, 'تربت حيدريه', 4, 11),
(447, 'رباط سنگ', 4, 11),
(448, 'کدکن', 4, 11),
(449, 'جغتاي', 4, 11),
(450, 'نقاب', 4, 11),
(451, 'چناران', 4, 11),
(452, 'گلبهار', 4, 11),
(453, 'گلمکان', 4, 11),
(454, 'خليل آباد', 4, 11),
(455, 'کندر', 4, 11),
(456, 'خواف', 4, 11),
(457, 'سلامي', 4, 11),
(458, 'سنگان', 4, 11),
(459, 'قاسم آباد', 4, 11),
(460, 'نشتيفان', 4, 11),
(461, 'سلطان آباد', 4, 11),
(462, 'داورزن', 4, 11),
(463, 'چاپشلو', 4, 11),
(464, 'درگز', 4, 11),
(465, 'لطف آباد', 4, 11),
(466, 'نوخندان', 4, 11),
(467, 'جنگل', 4, 11),
(468, 'رشتخوار', 4, 11),
(469, 'دولت آباد', 4, 11),
(470, 'روداب', 4, 11),
(471, 'سبزوار', 4, 11),
(472, 'ششتمد', 4, 11),
(473, 'سرخس', 4, 11),
(474, 'مزدآوند', 4, 11),
(475, 'سفيدسنگ', 4, 11),
(476, 'فرهادگرد', 4, 11),
(477, 'فريمان', 4, 11),
(478, 'قلندرآباد', 4, 11),
(479, 'فيروزه', 4, 11),
(480, 'همت آباد', 4, 11),
(481, 'باجگيران', 4, 11),
(482, 'قوچان', 4, 11),
(483, 'ريوش', 4, 11),
(484, 'کاشمر', 4, 11),
(485, 'شهرزو', 4, 11),
(486, 'کلات', 4, 11),
(487, 'بيدخت', 4, 11),
(488, 'کاخک', 4, 11),
(489, 'گناباد', 4, 11),
(490, 'رضويه', 4, 11),
(491, 'مشهد', 4, 11),
(492, 'مشهد ثامن', 4, 11),
(493, 'ملک آباد', 4, 11),
(494, 'شادمهر', 4, 11),
(495, 'فيض آباد', 4, 11),
(496, 'بار', 4, 11),
(497, 'چکنه', 4, 11),
(498, 'خرو', 4, 11),
(499, 'درود', 4, 11),
(500, 'عشق آباد', 4, 11),
(501, 'قدمگاه', 4, 11),
(502, 'نيشابور', 4, 11),
(503, 'اسفراين', 4, 12),
(504, 'صفي آباد', 4, 12),
(505, 'بجنورد', 4, 12),
(506, 'چناران شهر', 4, 12),
(507, 'حصارگرمخان', 4, 12),
(508, 'جاجرم', 4, 12),
(509, 'سنخواست', 4, 12),
(510, 'شوقان', 4, 12),
(511, 'راز', 4, 12),
(514, 'قوشخانه', 4, 12),
(515, 'لوجلي', 4, 12),
(516, 'تيتکانلو', 4, 12),
(517, 'فاروج', 4, 12),
(518, 'ايور', 4, 12),
(519, 'درق', 4, 12),
(520, 'گرمه', 4, 12),
(521, 'آشخانه', 4, 12),
(522, 'آوا', 4, 12),
(523, 'پيش قلعه', 4, 12),
(524, 'قاضي', 4, 12),
(525, 'آبادان', 4, 13),
(526, 'اروندکنار', 4, 13),
(527, 'چويبده', 4, 13),
(528, 'آغاجاري', 4, 13),
(529, 'اميديه', 4, 13),
(530, 'جايزان', 4, 13),
(531, 'آبژدان', 4, 13),
(532, 'قلعه خواجه', 4, 13),
(533, 'آزادي', 4, 13),
(534, 'انديمشک', 4, 13),
(535, 'بيدروبه', 4, 13),
(536, 'چم گلک', 4, 13),
(537, 'حسينيه', 4, 13),
(538, 'الهايي', 4, 13),
(539, 'اهواز', 4, 13),
(540, 'ايذه', 4, 13),
(541, 'دهدز', 4, 13),
(542, 'باغ ملک', 4, 13),
(543, 'صيدون', 4, 13),
(544, 'قلعه تل', 4, 13),
(545, 'ميداود', 4, 13),
(546, 'شيبان', 4, 13),
(547, 'ملاثاني', 4, 13),
(548, 'ويس', 4, 13),
(549, 'بندرامام خميني', 4, 13),
(550, 'بندرماهشهر', 4, 13),
(551, 'چمران', 4, 13),
(552, 'بهبهان', 4, 13),
(553, 'تشان', 4, 13),
(554, 'سردشت', 4, 13),
(555, 'منصوريه', 4, 13),
(556, 'حميديه', 4, 13),
(557, 'خرمشهر', 4, 13),
(558, 'مقاومت', 4, 13),
(559, 'مينوشهر', 4, 13),
(560, 'چغاميش', 4, 13),
(561, 'حمزه', 4, 13),
(562, 'دزفول', 4, 13),
(563, 'سالند', 4, 13),
(564, 'سياه منصور', 4, 13),
(565, 'شمس آباد', 4, 13),
(566, 'شهر امام', 4, 13),
(567, 'صفي آباد', 4, 13),
(568, 'ميانرود', 4, 13),
(569, 'ابوحميظه', 4, 13),
(570, 'بستان', 4, 13),
(571, 'سوسنگرد', 4, 13),
(572, 'کوت سيدنعيم', 4, 13),
(573, 'رامشير', 4, 13),
(574, 'مشراگه', 4, 13),
(575, 'رامهرمز', 4, 13),
(576, 'خنافره', 4, 13),
(577, 'دارخوين', 4, 13),
(578, 'شادگان', 4, 13),
(579, 'الوان', 4, 13),
(580, 'حر', 4, 13),
(581, 'شاوور', 4, 13),
(582, 'شوش', 4, 13),
(583, 'فتح المبين', 4, 13),
(584, 'سرداران', 4, 13),
(585, 'شرافت', 4, 13),
(586, 'شوشتر', 4, 13),
(587, 'گوريه', 4, 13),
(588, 'کوت عبداله', 4, 13),
(589, 'ترکالکي', 4, 13),
(590, 'جنت مکان', 4, 13),
(591, 'سماله', 4, 13),
(592, 'صالح شهر', 4, 13),
(593, 'گتوند', 4, 13),
(594, 'لالي', 4, 13),
(595, 'گلگير', 4, 13),
(596, 'مسجدسليمان', 4, 13),
(597, 'هفتگل', 4, 13),
(598, 'زهره', 4, 13),
(599, 'هنديجان', 4, 13),
(600, 'رفيع', 4, 13),
(601, 'هويزه', 4, 13),
(602, 'ابهر', 4, 14),
(603, 'صايين قلعه', 4, 14),
(604, 'هيدج', 4, 14),
(605, 'حلب', 4, 14),
(606, 'زرين آباد', 4, 14),
(607, 'زرين رود', 4, 14),
(608, 'سجاس', 4, 14),
(609, 'سهرورد', 4, 14),
(610, 'قيدار', 4, 14),
(611, 'کرسف', 4, 14),
(612, 'گرماب', 4, 14),
(613, 'نوربهار', 4, 14),
(614, 'خرمدره', 4, 14),
(615, 'ارمغانخانه', 4, 14),
(616, 'زنجان', 4, 14),
(617, 'نيک پي', 4, 14),
(618, 'سلطانيه', 4, 14),
(619, 'آب بر', 4, 14),
(620, 'چورزق', 4, 14),
(621, 'دندي', 4, 14),
(622, 'ماه نشان', 4, 14),
(623, 'آرادان', 4, 15),
(624, 'کهن آباد', 4, 15),
(625, 'اميريه', 4, 15),
(626, 'دامغان', 4, 15),
(627, 'ديباج', 4, 15),
(628, 'کلاته', 4, 15),
(629, 'سرخه', 4, 15),
(630, 'سمنان', 4, 15),
(631, 'بسطام', 4, 15),
(632, 'بيارجمند', 4, 15),
(633, 'روديان', 4, 15),
(634, 'شاهرود', 4, 15),
(635, 'کلاته خيج', 4, 15),
(636, 'مجن', 4, 15),
(637, 'ايوانکي', 4, 15),
(638, 'گرمسار', 4, 15),
(639, 'درجزين', 4, 15),
(640, 'شهميرزاد', 4, 15),
(641, 'مهدي شهر', 4, 15),
(642, 'ميامي', 4, 15),
(643, 'ايرانشهر', 4, 16),
(644, 'بزمان', 4, 16),
(645, 'بمپور', 4, 16),
(646, 'محمدان', 4, 16),
(647, 'چابهار', 4, 16),
(648, 'نگور', 4, 16),
(649, 'خاش', 4, 16),
(650, 'نوک آباد', 4, 16),
(651, 'گلمورتي', 4, 16),
(652, 'بنجار', 4, 16),
(653, 'زابل', 4, 16),
(654, 'زاهدان', 4, 16),
(655, 'نصرت آباد', 4, 16),
(656, 'زهک', 4, 16),
(657, 'جالق', 4, 16),
(658, 'سراوان', 4, 16),
(659, 'سيرکان', 4, 16),
(660, 'گشت', 4, 16),
(661, 'محمدي', 4, 16),
(662, 'پيشين', 4, 16),
(663, 'راسک', 4, 16),
(664, 'سرباز', 4, 16),
(665, 'سوران', 4, 16),
(666, 'هيدوچ', 4, 16),
(667, 'فنوج', 4, 16),
(668, 'قصرقند', 4, 16),
(669, 'زرآباد', 4, 16),
(670, 'کنارک', 4, 16),
(671, 'مهرستان', 4, 16),
(672, 'ميرجاوه', 4, 16),
(673, 'اسپکه', 4, 16),
(674, 'بنت', 4, 16),
(675, 'نيک شهر', 4, 16),
(676, 'اديمي', 4, 16),
(677, 'شهرک علي اکبر', 4, 16),
(678, 'محمدآباد', 4, 16),
(679, 'دوست محمد', 4, 16),
(680, 'آباده', 4, 17),
(681, 'ايزدخواست', 4, 17),
(682, 'بهمن', 4, 17),
(683, 'سورمق', 4, 17),
(684, 'صغاد', 4, 17),
(685, 'ارسنجان', 4, 17),
(686, 'استهبان', 4, 17),
(687, 'ايج', 4, 17),
(688, 'رونيز', 4, 17),
(689, 'اقليد', 4, 17),
(690, 'حسن اباد', 4, 17),
(691, 'دژکرد', 4, 17),
(692, 'سده', 4, 17),
(693, 'بوانات', 4, 17),
(694, 'حسامي', 4, 17),
(695, 'کره اي', 4, 17),
(696, 'مزايجان', 4, 17),
(697, 'سعادت شهر', 4, 17),
(698, 'مادرسليمان', 4, 17),
(699, 'باب انار', 4, 17),
(700, 'جهرم', 4, 17),
(701, 'خاوران', 4, 17),
(702, 'دوزه', 4, 17),
(703, 'قطب آباد', 4, 17),
(704, 'خرامه', 4, 17),
(705, 'سلطان شهر', 4, 17),
(706, 'صفاشهر', 4, 17),
(707, 'قادراباد', 4, 17),
(708, 'خنج', 4, 17),
(709, 'جنت شهر', 4, 17),
(710, 'داراب', 4, 17),
(711, 'دوبرجي', 4, 17),
(712, 'فدامي', 4, 17),
(713, 'کوپن', 4, 17),
(714, 'مصيري', 4, 17),
(715, 'حاجي آباد', 4, 17),
(716, 'دبيران', 4, 17),
(717, 'شهرپير', 4, 17),
(718, 'اردکان', 4, 17),
(719, 'بيضا', 4, 17),
(720, 'هماشهر', 4, 17),
(721, 'سروستان', 4, 17),
(722, 'کوهنجان', 4, 17),
(723, 'خانه زنيان', 4, 17),
(724, 'داريان', 4, 17),
(725, 'زرقان', 4, 17),
(726, 'شهرصدرا', 4, 17),
(727, 'شيراز', 4, 17),
(728, 'لپويي', 4, 17),
(729, 'دهرم', 4, 17),
(730, 'فراشبند', 4, 17),
(731, 'نوجين', 4, 17),
(732, 'زاهدشهر', 4, 17),
(733, 'ششده', 4, 17),
(734, 'فسا', 4, 17),
(735, 'قره بلاغ', 4, 17),
(736, 'ميانشهر', 4, 17),
(737, 'نوبندگان', 4, 17),
(738, 'فيروزآباد', 4, 17),
(739, 'ميمند', 4, 17),
(740, 'افزر', 4, 17),
(741, 'امام شهر', 4, 17),
(742, 'قير', 4, 17),
(743, 'کارزين (فتح آباد)', 4, 17),
(744, 'مبارک آبادديز', 4, 17),
(745, 'بالاده', 4, 17),
(746, 'خشت', 4, 17),
(747, 'قايميه', 4, 17),
(748, 'کازرون', 4, 17),
(749, 'کنارتخته', 4, 17),
(750, 'نودان', 4, 17),
(751, 'کوار', 4, 17),
(752, 'گراش', 4, 17),
(753, 'اوز', 4, 17),
(754, 'بنارويه', 4, 17),
(755, 'بيرم', 4, 17),
(756, 'جويم', 4, 17),
(757, 'خور', 4, 17),
(758, 'عمادده', 4, 17),
(759, 'لار', 4, 17),
(760, 'لطيفي', 4, 17),
(761, 'اشکنان', 4, 17),
(762, 'اهل', 4, 17),
(763, 'علامرودشت', 4, 17),
(764, 'لامرد', 4, 17),
(765, 'خانيمن', 4, 17),
(766, 'رامجرد', 4, 17),
(767, 'سيدان', 4, 17),
(768, 'کامفيروز', 4, 17),
(769, 'مرودشت', 4, 17),
(770, 'بابامنير', 4, 17),
(771, 'خومه زار', 4, 17),
(772, 'نورآباد', 4, 17),
(773, 'اسير', 4, 17),
(774, 'خوزي', 4, 17),
(775, 'گله دار', 4, 17),
(776, 'مهر', 4, 17),
(777, 'وراوي', 4, 17),
(778, 'آباده طشک', 4, 17),
(779, 'قطرويه', 4, 17),
(780, 'مشکان', 4, 17),
(781, 'ني ريز', 4, 17),
(782, 'آبيک', 4, 18),
(783, 'خاکعلي', 4, 18),
(784, 'آبگرم', 4, 18),
(785, 'آوج', 4, 18),
(786, 'الوند', 4, 18),
(787, 'بيدستان', 4, 18),
(788, 'شريفيه', 4, 18),
(789, 'محمديه', 4, 18),
(790, 'ارداق', 4, 18),
(791, 'بويين زهرا', 4, 18),
(792, 'دانسفهان', 4, 18),
(793, 'سگزآباد', 4, 18),
(794, 'شال', 4, 18),
(795, 'اسفرورين', 4, 18),
(796, 'تاکستان', 4, 18),
(797, 'خرمدشت', 4, 18),
(798, 'ضياڈآباد', 4, 18),
(799, 'نرجه', 4, 18),
(800, 'اقباليه', 4, 18),
(801, 'رازميان', 4, 18),
(802, 'سيردان', 4, 18),
(803, 'قزوين', 4, 18),
(804, 'کوهين', 4, 18),
(805, 'محمودآبادنمونه', 4, 18),
(806, 'معلم کلايه', 4, 18),
(807, 'جعفريه', 4, 19),
(808, 'دستجرد', 4, 19),
(809, 'سلفچگان', 4, 19),
(810, 'قم', 4, 19),
(811, 'قنوات', 4, 19),
(812, 'کهک', 4, 19),
(813, 'آرمرده', 4, 20),
(814, 'بانه', 4, 20),
(815, 'بويين سفلي', 4, 20),
(816, 'کاني سور', 4, 20),
(817, 'بابارشاني', 4, 20),
(818, 'بيجار', 4, 20),
(819, 'پيرتاج', 4, 20),
(820, 'توپ آغاج', 4, 20),
(821, 'ياسوکند', 4, 20),
(822, 'بلبان آباد', 4, 20),
(823, 'دهگلان', 4, 20),
(824, 'ديواندره', 4, 20),
(825, 'زرينه', 4, 20),
(826, 'اورامان تخت', 4, 20),
(827, 'سروآباد', 4, 20),
(828, 'سقز', 4, 20),
(829, 'صاحب', 4, 20),
(830, 'سنندج', 4, 20),
(831, 'شويشه', 4, 20),
(832, 'دزج', 4, 20),
(833, 'دلبران', 4, 20),
(834, 'سريش آباد', 4, 20),
(835, 'قروه', 4, 20),
(836, 'کامياران', 4, 20),
(837, 'موچش', 4, 20),
(838, 'برده رشه', 4, 20),
(839, 'چناره', 4, 20),
(840, 'کاني دينار', 4, 20),
(841, 'مريوان', 4, 20),
(842, 'ارزوييه', 4, 21),
(843, 'امين شهر', 4, 21),
(844, 'انار', 4, 21),
(845, 'بافت', 4, 21),
(846, 'بزنجان', 4, 21),
(847, 'بردسير', 4, 21),
(848, 'دشتکار', 4, 21),
(849, 'گلزار', 4, 21),
(850, 'لاله زار', 4, 21),
(851, 'نگار', 4, 21),
(852, 'بروات', 4, 21),
(853, 'بم', 4, 21),
(854, 'بلوک', 4, 21),
(855, 'جبالبارز', 4, 21),
(856, 'جيرفت', 4, 21),
(857, 'درب بهشت', 4, 21),
(858, 'رابر', 4, 21),
(859, 'هنزا', 4, 21),
(860, 'راور', 4, 21),
(861, 'هجدک', 4, 21),
(862, 'بهرمان', 4, 21),
(863, 'رفسنجان', 4, 21),
(864, 'صفاييه', 4, 21),
(865, 'کشکوييه', 4, 21),
(866, 'مس سرچشمه', 4, 21),
(867, 'رودبار', 4, 21),
(868, 'زهکلوت', 4, 21),
(869, 'گنبکي', 4, 21),
(870, 'محمدآباد', 4, 21),
(871, 'خانوک', 4, 21),
(872, 'ريحان', 4, 21),
(873, 'زرند', 4, 21),
(874, 'يزدان شهر', 4, 21),
(875, 'بلورد', 4, 21),
(876, 'پاريز', 4, 21),
(877, 'خواجو شهر', 4, 21),
(878, 'زيدآباد', 4, 21),
(879, 'سيرجان', 4, 21),
(880, 'نجف شهر', 4, 21),
(881, 'هماشهر', 4, 21),
(882, 'جوزم', 4, 21),
(883, 'خاتون اباد', 4, 21),
(884, 'خورسند', 4, 21),
(885, 'دهج', 4, 21),
(886, 'شهربابک', 4, 21),
(887, 'دوساري', 4, 21),
(888, 'عنبرآباد', 4, 21),
(889, 'مردهک', 4, 21),
(890, 'فارياب', 4, 21),
(891, 'فهرج', 4, 21),
(892, 'قلعه گنج', 4, 21),
(893, 'اختيارآباد', 4, 21),
(894, 'اندوهجرد', 4, 21),
(895, 'باغين', 4, 21),
(896, 'جوپار', 4, 21),
(897, 'چترود', 4, 21),
(898, 'راين', 4, 21),
(899, 'زنگي آباد', 4, 21),
(900, 'شهداد', 4, 21),
(901, 'کاظم آباد', 4, 21),
(902, 'کرمان', 4, 21),
(903, 'گلباف', 4, 21),
(904, 'ماهان', 4, 21),
(905, 'محي آباد', 4, 21),
(906, 'کوهبنان', 4, 21),
(907, 'کيانشهر', 4, 21),
(908, 'کهنوج', 4, 21),
(909, 'منوجان', 4, 21),
(910, 'نودژ', 4, 21),
(911, 'نرماشير', 4, 21),
(912, 'نظام شهر', 4, 21),
(913, 'اسلام آبادغرب', 4, 22),
(914, 'حميل', 4, 22),
(915, 'بانوره', 4, 22),
(916, 'باينگان', 4, 22),
(917, 'پاوه', 4, 22),
(918, 'نودشه', 4, 22),
(919, 'نوسود', 4, 22),
(920, 'ازگله', 4, 22),
(921, 'تازه آباد', 4, 22),
(922, 'جوانرود', 4, 22),
(923, 'ريجاب', 4, 22),
(924, 'کرند', 4, 22),
(925, 'گهواره', 4, 22),
(926, 'روانسر', 4, 22),
(927, 'شاهو', 4, 22),
(928, 'سرپل ذهاب', 4, 22),
(929, 'سطر', 4, 22),
(930, 'سنقر', 4, 22),
(931, 'صحنه', 4, 22),
(932, 'ميان راهان', 4, 22),
(933, 'سومار', 4, 22),
(934, 'قصرشيرين', 4, 22),
(935, 'رباط', 4, 22),
(936, 'کرمانشاه', 4, 22),
(937, 'کوزران', 4, 22),
(938, 'هلشي', 4, 22),
(939, 'کنگاور', 4, 22),
(940, 'گودين', 4, 22),
(941, 'سرمست', 4, 22),
(942, 'گيلانغرب', 4, 22),
(943, 'بيستون', 4, 22),
(944, 'هرسين', 4, 22),
(945, 'باشت', 4, 23),
(946, 'چيتاب', 4, 23),
(947, 'گراب سفلي', 4, 23),
(948, 'مادوان', 4, 23),
(949, 'مارگون', 4, 23),
(950, 'ياسوج', 4, 23),
(951, 'ليکک', 4, 23),
(952, 'چرام', 4, 23),
(953, 'سرفارياب', 4, 23),
(954, 'پاتاوه', 4, 23),
(955, 'سي سخت', 4, 23),
(956, 'دهدشت', 4, 23),
(957, 'ديشموک', 4, 23),
(958, 'سوق', 4, 23),
(959, 'قلعه رييسي', 4, 23),
(960, 'دوگنبدان', 4, 23),
(961, 'لنده', 4, 23),
(962, 'آزادشهر', 4, 24),
(963, 'نگين شهر', 4, 24),
(964, 'نوده خاندوز', 4, 24),
(965, 'آق قلا', 4, 24),
(966, 'انبارآلوم', 4, 24),
(967, 'بندرگز', 4, 24),
(968, 'نوکنده', 4, 24),
(969, 'بندرترکمن', 4, 24),
(970, 'تاتارعليا', 4, 24),
(971, 'خان ببين', 4, 24),
(972, 'دلند', 4, 24),
(973, 'راميان', 4, 24),
(974, 'سنگدوين', 4, 24),
(975, 'علي اباد', 4, 24),
(976, 'فاضل آباد', 4, 24),
(977, 'مزرعه', 4, 24),
(978, 'کردکوي', 4, 24),
(979, 'فراغي', 4, 24),
(980, 'کلاله', 4, 24),
(981, 'گاليکش', 4, 24),
(982, 'جلين', 4, 24),
(983, 'سرخنکلاته', 4, 24),
(984, 'گرگان', 4, 24),
(985, 'سيمين شهر', 4, 24),
(986, 'گميش تپه', 4, 24),
(987, 'اينچه برون', 4, 24),
(988, 'گنبدکاووس', 4, 24),
(989, 'مراوه', 4, 24),
(990, 'مينودشت', 4, 24),
(991, 'آستارا', 4, 25),
(992, 'لوندويل', 4, 25),
(993, 'آستانه اشرفيه', 4, 25),
(994, 'کياشهر', 4, 25),
(995, 'املش', 4, 25),
(996, 'رانکوه', 4, 25),
(997, 'بندرانزلي', 4, 25),
(998, 'خشکبيجار', 4, 25),
(999, 'خمام', 4, 25),
(1000, 'رشت', 4, 25),
(1001, 'سنگر', 4, 25),
(1002, 'کوچصفهان', 4, 25),
(1003, 'لشت نشاء', 4, 25),
(1004, 'لولمان', 4, 25),
(1005, 'پره سر', 4, 25),
(1006, 'رضوانشهر', 4, 25),
(1007, 'بره سر', 4, 25),
(1008, 'توتکابن', 4, 25),
(1009, 'جيرنده', 4, 25),
(1010, 'رستم آباد', 4, 25),
(1011, 'رودبار', 4, 25),
(1012, 'لوشان', 4, 25),
(1013, 'منجيل', 4, 25),
(1014, 'چابکسر', 4, 25),
(1015, 'رحيم آباد', 4, 25),
(1016, 'رودسر', 4, 25),
(1017, 'کلاچاي', 4, 25),
(1018, 'واجارگاه', 4, 25),
(1019, 'ديلمان', 4, 25),
(1020, 'سياهکل', 4, 25),
(1021, 'احمدسرگوراب', 4, 25),
(1022, 'شفت', 4, 25),
(1023, 'صومعه سرا', 4, 25),
(1024, 'گوراب زرميخ', 4, 25),
(1025, 'مرجقل', 4, 25),
(1026, 'اسالم', 4, 25),
(1027, 'چوبر', 4, 25),
(1028, 'حويق', 4, 25),
(1029, 'ليسار', 4, 25),
(1030, 'هشتپر (تالش)', 4, 25),
(1031, 'فومن', 4, 25),
(1032, 'ماسوله', 4, 25),
(1033, 'ماکلوان', 4, 25),
(1034, 'رودبنه', 4, 25),
(1035, 'لاهيجان', 4, 25),
(1036, 'اطاقور', 4, 25),
(1037, 'چاف و چمخاله', 4, 25),
(1038, 'شلمان', 4, 25),
(1039, 'کومله', 4, 25),
(1040, 'لنگرود', 4, 25),
(1041, 'بازار جمعه', 4, 25),
(1042, 'ماسال', 4, 25),
(1043, 'ازنا', 4, 26),
(1044, 'مومن آباد', 4, 26),
(1045, 'اليگودرز', 4, 26),
(1046, 'شول آباد', 4, 26),
(1047, 'اشترينان', 4, 26),
(1048, 'بروجرد', 4, 26),
(1049, 'پلدختر', 4, 26),
(1050, 'معمولان', 4, 26),
(1051, 'بيران شهر', 4, 26),
(1052, 'خرم آباد', 4, 26),
(1053, 'زاغه', 4, 26),
(1054, 'سپيددشت', 4, 26),
(1055, 'نورآباد', 4, 26),
(1056, 'هفت چشمه', 4, 26),
(1057, 'چالانچولان', 4, 26),
(1058, 'دورود', 4, 26),
(1059, 'سراب دوره', 4, 26),
(1060, 'ويسيان', 4, 26),
(1061, 'چقابل', 4, 26),
(1062, 'الشتر', 4, 26),
(1063, 'فيروزآباد', 4, 26),
(1064, 'درب گنبد', 4, 26),
(1065, 'کوهدشت', 4, 26),
(1066, 'کوهناني', 4, 26),
(1067, 'گراب', 4, 26),
(1068, 'آمل', 4, 27),
(1069, 'امامزاده عبدالله', 4, 27),
(1070, 'دابودشت', 4, 27),
(1071, 'رينه', 4, 27),
(1072, 'گزنک', 4, 27),
(1073, 'اميرکلا', 4, 27),
(1074, 'بابل', 4, 27),
(1075, 'خوش رودپي', 4, 27),
(1076, 'زرگرمحله', 4, 27),
(1077, 'گتاب', 4, 27),
(1078, 'گلوگاه', 4, 27),
(1079, 'مرزيکلا', 4, 27),
(1080, 'بابلسر', 4, 27),
(1081, 'بهنمير', 4, 27),
(1082, 'هادي شهر', 4, 27),
(1083, 'بهشهر', 4, 27),
(1084, 'خليل شهر', 4, 27),
(1085, 'رستمکلا', 4, 27),
(1086, 'تنکابن', 4, 27),
(1087, 'خرم آباد', 4, 27),
(1088, 'شيرود', 4, 27),
(1089, 'نشتارود', 4, 27),
(1090, 'جويبار', 4, 27),
(1091, 'کوهي خيل', 4, 27),
(1092, 'چالوس', 4, 27),
(1093, 'مرزن آباد', 4, 27),
(1094, 'هچيرود', 4, 27),
(1095, 'رامسر', 4, 27),
(1096, 'کتالم وسادات شهر', 4, 27),
(1097, 'پايين هولار', 4, 27),
(1098, 'ساري', 4, 27),
(1099, 'فريم', 4, 27),
(1100, 'کياسر', 4, 27),
(1101, 'آلاشت', 4, 27),
(1102, 'پل سفيد', 4, 27),
(1103, 'زيرآب', 4, 27),
(1104, 'شيرگاه', 4, 27),
(1105, 'کياکلا', 4, 27),
(1106, 'سلمان شهر', 4, 27),
(1107, 'عباس اباد', 4, 27),
(1108, 'کلارآباد', 4, 27),
(1109, 'فريدونکنار', 4, 27),
(1110, 'ارطه', 4, 27),
(1111, 'قايم شهر', 4, 27),
(1112, 'کلاردشت', 4, 27),
(1113, 'گلوگاه', 4, 27),
(1114, 'سرخرود', 4, 27),
(1115, 'محمودآباد', 4, 27),
(1116, 'سورک', 4, 27),
(1117, 'نکا', 4, 27),
(1118, 'ايزدشهر', 4, 27),
(1119, 'بلده', 4, 27),
(1120, 'چمستان', 4, 27),
(1121, 'رويان', 4, 27),
(1122, 'نور', 4, 27),
(1123, 'پول', 4, 27),
(1124, 'کجور', 4, 27),
(1125, 'نوشهر', 4, 27),
(1126, 'آشتيان', 4, 28),
(1127, 'اراک', 4, 28),
(1128, 'داودآباد', 4, 28),
(1129, 'ساروق', 4, 28),
(1130, 'کارچان', 4, 28),
(1131, 'تفرش', 4, 28),
(1132, 'خمين', 4, 28),
(1133, 'قورچي باشي', 4, 28),
(1134, 'جاورسيان', 4, 28),
(1135, 'خنداب', 4, 28),
(1136, 'دليجان', 4, 28),
(1137, 'نراق', 4, 28),
(1138, 'پرندک', 4, 28),
(1139, 'خشکرود', 4, 28),
(1140, 'رازقان', 4, 28),
(1141, 'زاويه', 4, 28),
(1142, 'مامونيه', 4, 28),
(1143, 'آوه', 4, 28),
(1144, 'ساوه', 4, 28),
(1145, 'غرق آباد', 4, 28),
(1146, 'نوبران', 4, 28),
(1147, 'آستانه', 4, 28),
(1148, 'توره', 4, 28),
(1149, 'شازند', 4, 28),
(1150, 'شهباز', 4, 28),
(1151, 'مهاجران', 4, 28),
(1152, 'هندودر', 4, 28),
(1153, 'خنجين', 4, 28),
(1154, 'فرمهين', 4, 28),
(1155, 'کميجان', 4, 28),
(1156, 'ميلاجرد', 4, 28),
(1157, 'محلات', 4, 28),
(1158, 'نيمور', 4, 28),
(1159, 'ابوموسي', 4, 29),
(1160, 'بستک', 4, 29),
(1161, 'جناح', 4, 29),
(1162, 'سردشت', 4, 29),
(1163, 'گوهران', 4, 29),
(1164, 'بندرعباس', 4, 29),
(1165, 'تازيان پايين', 4, 29),
(1166, 'تخت', 4, 29),
(1167, 'فين', 4, 29),
(1168, 'قلعه قاضي', 4, 29),
(1169, 'بندرلنگه', 4, 29),
(1170, 'چارک', 4, 29),
(1171, 'کنگ', 4, 29),
(1172, 'کيش', 4, 29),
(1173, 'لمزان', 4, 29),
(1174, 'پارسيان', 4, 29),
(1175, 'دشتي', 4, 29),
(1176, 'کوشکنار', 4, 29),
(1177, 'بندرجاسک', 4, 29),
(1178, 'حاجي اباد', 4, 29),
(1179, 'سرگز', 4, 29),
(1180, 'فارغان', 4, 29),
(1181, 'خمير', 4, 29),
(1182, 'رويدر', 4, 29),
(1183, 'بيکاء', 4, 29),
(1184, 'دهبارز', 4, 29),
(1185, 'زيارتعلي', 4, 29),
(1186, 'سيريک', 4, 29),
(1187, 'کوهستک', 4, 29),
(1188, 'گروک', 4, 29),
(1189, 'درگهان', 4, 29),
(1190, 'سوزا', 4, 29),
(1191, 'قشم', 4, 29),
(1192, 'هرمز', 4, 29),
(1193, 'تيرور', 4, 29),
(1194, 'سندرک', 4, 29),
(1195, 'ميناب', 4, 29),
(1196, 'هشتبندي', 4, 29),
(1197, 'آجين', 4, 30),
(1198, 'اسدآباد', 4, 30),
(1199, 'بهار', 4, 30),
(1200, 'صالح آباد', 4, 30),
(1201, 'لالجين', 4, 30),
(1202, 'مهاجران', 4, 30),
(1203, 'تويسرکان', 4, 30),
(1204, 'سرکان', 4, 30),
(1205, 'فرسفج', 4, 30),
(1206, 'دمق', 4, 30),
(1207, 'رزن', 4, 30),
(1208, 'قروه درجزين', 4, 30),
(1209, 'فامنين', 4, 30),
(1210, 'شيرين سو', 4, 30),
(1211, 'کبودرآهنگ', 4, 30),
(1212, 'گل تپه', 4, 30),
(1213, 'ازندريان', 4, 30),
(1214, 'جوکار', 4, 30),
(1215, 'زنگنه', 4, 30),
(1216, 'سامن', 4, 30),
(1217, 'ملاير', 4, 30),
(1218, 'برزول', 4, 30),
(1219, 'فيروزان', 4, 30),
(1220, 'گيان', 4, 30),
(1221, 'نهاوند', 4, 30),
(1222, 'جورقان', 4, 30),
(1223, 'قهاوند', 4, 30),
(1224, 'مريانج', 4, 30),
(1225, 'همدان', 4, 30),
(1226, 'ابرکوه', 4, 31),
(1227, 'مهردشت', 4, 31),
(1228, 'احمدآباد', 4, 31),
(1229, 'اردکان', 4, 31),
(1230, 'عقدا', 4, 31),
(1231, 'اشکذر', 4, 31),
(1232, 'خضرآباد', 4, 31),
(1233, 'بافق', 4, 31),
(1234, 'بهاباد', 4, 31),
(1235, 'تفت', 4, 31),
(1236, 'نير', 4, 31),
(1237, 'مروست', 4, 31),
(1238, 'هرات', 4, 31),
(1239, 'مهريز', 4, 31),
(1240, 'بفروييه', 4, 31),
(1241, 'ميبد', 4, 31),
(1242, 'ندوشن', 4, 31),
(1243, 'حميديا', 4, 31),
(1244, 'زارچ', 4, 31),
(1245, 'شاهديه', 4, 31),
(1246, 'يزد', 4, 31),
(1247, 'گیلاوند', 4, 8),
(1248, 'شهرزیبا', 4, 8),
(1249, 'دولت آباد', 4, 8);

-- --------------------------------------------------------

--
-- Table structure for table `commentrates`
--

CREATE TABLE `commentrates` (
  `id` bigint(20) UNSIGNED NOT NULL,
  `commentable_id` bigint(20) UNSIGNED NOT NULL,
  `commentable_type` varchar(191) COLLATE utf8mb4_unicode_ci DEFAULT NULL,
  `name` varchar(191) COLLATE utf8mb4_unicode_ci DEFAULT NULL,
  `phone` varchar(191) COLLATE utf8mb4_unicode_ci DEFAULT NULL,
  `approved` tinyint(1) NOT NULL DEFAULT 0,
  `quality` tinyint(1) NOT NULL DEFAULT 0,
  `value` tinyint(1) NOT NULL DEFAULT 0,
  `innovation` tinyint(1) NOT NULL DEFAULT 0,
  `ability` tinyint(1) NOT NULL DEFAULT 0,
  `design` tinyint(1) NOT NULL DEFAULT 0,
  `comfort` tinyint(1) NOT NULL DEFAULT 0,
  `comment` text COLLATE utf8mb4_unicode_ci DEFAULT NULL,
  `created_at` timestamp NULL DEFAULT NULL,
  `updated_at` timestamp NULL DEFAULT NULL
) ENGINE=InnoDB DEFAULT CHARSET=utf8mb4 COLLATE=utf8mb4_unicode_ci;

-- --------------------------------------------------------

--
-- Table structure for table `comments`
--

CREATE TABLE `comments` (
  `id` bigint(20) UNSIGNED NOT NULL,
  `phone` varchar(255) COLLATE utf8mb4_unicode_ci NOT NULL,
  `name` varchar(255) COLLATE utf8mb4_unicode_ci DEFAULT NULL,
  `commentable_id` bigint(20) UNSIGNED NOT NULL,
  `commentable_type` varchar(191) COLLATE utf8mb4_unicode_ci NOT NULL,
  `parent_id` bigint(20) UNSIGNED NOT NULL DEFAULT 0,
  `approved` tinyint(1) NOT NULL DEFAULT 0,
  `comment` text COLLATE utf8mb4_unicode_ci DEFAULT NULL,
  `created_at` timestamp NULL DEFAULT NULL,
  `updated_at` timestamp NULL DEFAULT NULL
) ENGINE=InnoDB DEFAULT CHARSET=utf8mb4 COLLATE=utf8mb4_unicode_ci;

-- --------------------------------------------------------

--
-- Table structure for table `countries`
--

CREATE TABLE `countries` (
  `id` int(11) UNSIGNED NOT NULL,
  `name` varchar(128) NOT NULL,
  `name_fa` varchar(255) NOT NULL,
  `status` tinyint(1) NOT NULL DEFAULT 1
) ENGINE=MyISAM DEFAULT CHARSET=utf8;

--
-- Dumping data for table `countries`
--

INSERT INTO `countries` (`id`, `name`, `name_fa`, `status`) VALUES
(1, 'Afghanistan', 'افغانستان', 4),
(2, 'Albania', 'البانی', 4),
(3, 'Algeria', '', 4),
(4, 'American Samoa', '', 4),
(5, 'Andorra', '', 4),
(6, 'Angola', 'آنگولا', 4),
(7, 'Anguilla', '', 4),
(8, 'Antarctica', '', 4),
(9, 'Antigua and Barbuda', '', 4),
(10, 'Argentina', 'آرژانتین', 4),
(11, 'Armenia', 'ارمنستان', 4),
(12, 'Aruba', '', 4),
(13, 'Australia', 'استرالیا', 4),
(14, 'Austria', '', 4),
(15, 'Azerbaijan', 'آذربایجان', 4),
(16, 'Bahamas', '', 4),
(17, 'Bahrain', 'بحرین', 4),
(18, 'Bangladesh', 'بنگلادش', 4),
(19, 'Barbados', '', 4),
(20, 'Belarus', 'بلاروس', 4),
(21, 'Belgium', '', 4),
(22, 'Belize', '', 4),
(23, 'Benin', '', 4),
(24, 'Bermuda', '', 4),
(25, 'Bhutan', '', 4),
(26, 'Bolivia', '', 4),
(27, 'Bosnia and Herzegovina', '', 4),
(28, 'Botswana', '', 4),
(29, 'Bouvet Island', '', 4),
(30, 'Brazil', 'برزیل', 4),
(31, 'British Indian Ocean Territory', '', 4),
(32, 'Brunei Darussalam', '', 4),
(33, 'Bulgaria', '', 4),
(34, 'Burkina Faso', '', 4),
(35, 'Burundi', '', 4),
(36, 'Cambodia', '', 4),
(37, 'Cameroon', 'کامرون', 4),
(38, 'Canada', 'کانادا', 4),
(39, 'Cape Verde', '', 4),
(40, 'Cayman Islands', '', 4),
(41, 'Central African Republic', '', 4),
(42, 'Chad', '', 4),
(43, 'Chile', 'شیلی', 4),
(44, 'China', 'چین', 4),
(45, 'Christmas Island', '', 4),
(46, 'Cocos (Keeling) Islands', '', 4),
(47, 'Colombia', 'کلمبیا', 4),
(48, 'Comoros', '', 4),
(49, 'Congo', 'کنگو', 4),
(50, 'Cook Islands', '', 4),
(51, 'Costa Rica', '', 4),
(52, 'Cote D\'Ivoire', '', 4),
(53, 'Croatia', '', 4),
(54, 'Cuba', '', 4),
(55, 'Cyprus', 'قبرس', 4),
(56, 'Czech Republic', '', 4),
(57, 'Denmark', 'دانمارک', 4),
(58, 'Djibouti', 'جیبوتی', 4),
(59, 'Dominica', '', 4),
(60, 'Dominican Republic', '', 4),
(61, 'East Timor', '', 4),
(62, 'Ecuador', '', 4),
(63, 'Egypt', 'مصر', 4),
(64, 'El Salvador', '', 4),
(65, 'Equatorial Guinea', '', 4),
(66, 'Eritrea', '', 4),
(67, 'Estonia', 'استونی', 4),
(68, 'Ethiopia', 'اتیوپی', 4),
(69, 'Falkland Islands (Malvinas)', '', 4),
(70, 'Faroe Islands', '', 4),
(71, 'Fiji', '', 4),
(72, 'Finland', 'فنلاند', 4),
(74, 'France, Metropolitan', 'فرانسه', 4),
(75, 'French Guiana', '', 4),
(76, 'French Polynesia', '', 4),
(77, 'French Southern Territories', '', 4),
(78, 'Gabon', '', 4),
(79, 'Gambia', '', 4),
(80, 'Georgia', 'جورجیا', 4),
(81, 'Germany', 'آلمان', 4),
(82, 'Ghana', 'قنا', 4),
(83, 'Gibraltar', '', 4),
(84, 'Greece', 'یونان', 4),
(85, 'Greenland', '', 4),
(86, 'Grenada', '', 4),
(87, 'Guadeloupe', '', 4),
(88, 'Guam', '', 4),
(89, 'Guatemala', '', 4),
(90, 'Guinea', '', 4),
(91, 'Guinea-Bissau', '', 4),
(92, 'Guyana', '', 4),
(93, 'Haiti', '', 4),
(94, 'Heard and Mc Donald Islands', '', 4),
(95, 'Honduras', '', 4),
(96, 'Hong Kong', '', 4),
(97, 'Hungary', '', 4),
(98, 'Iceland', '', 4),
(99, 'India', 'هند', 4),
(100, 'Indonesia', '', 4),
(101, 'Iran', 'ایران', 4),
(102, 'Iraq', 'عراق', 4),
(103, 'Ireland', '', 4),
(105, 'Italy', 'ایتالیا', 4),
(106, 'Jamaica', 'جامایکا', 4),
(107, 'Japan', 'ژاپن', 4),
(108, 'Jordan', '', 4),
(109, 'Kazakhstan', '', 4),
(110, 'Kenya', '', 4),
(111, 'Kiribati', '', 4),
(112, 'North Korea', 'کره شمالی', 4),
(113, 'Korea, Republic of', 'کره جنوبی', 4),
(114, 'Kuwait', 'کویت', 4),
(115, 'Kyrgyzstan', 'قیقیزستان', 4),
(116, 'Lao People\'s Democratic Republic', '', 4),
(117, 'Latvia', '', 4),
(118, 'Lebanon', 'لبنان', 4),
(119, 'Lesotho', '', 4),
(120, 'Liberia', '', 4),
(121, 'Libyan Arab Jamahiriya', '', 4),
(122, 'Liechtenstein', '', 4),
(123, 'Lithuania', '', 4),
(124, 'Luxembourg', '', 4),
(125, 'Macau', '', 4),
(126, 'FYROM', '', 4),
(127, 'Madagascar', '', 4),
(128, 'Malawi', '', 4),
(129, 'Malaysia', 'مالزی', 4),
(130, 'Maldives', '', 4),
(131, 'Mali', 'مالی', 4),
(132, 'Malta', '', 4),
(133, 'Marshall Islands', '', 4),
(134, 'Martinique', '', 4),
(135, 'Mauritania', '', 4),
(136, 'Mauritius', '', 4),
(137, 'Mayotte', '', 4),
(138, 'Mexico', 'مکزیک', 4),
(139, 'Micronesia, Federated States of', '', 4),
(140, 'Moldova, Republic of', '', 4),
(141, 'Monaco', 'موناکو', 4),
(142, 'Mongolia', 'مغولستان', 4),
(143, 'Montserrat', '', 4),
(144, 'Morocco', '', 4),
(145, 'Mozambique', '', 4),
(146, 'Myanmar', '', 4),
(147, 'Namibia', '', 4),
(148, 'Nauru', '', 4),
(149, 'Nepal', 'نپال', 4),
(150, 'Netherlands', '', 4),
(151, 'Netherlands Antilles', '', 4),
(152, 'New Caledonia', '', 4),
(153, 'New Zealand', 'نیوزلند', 4),
(154, 'Nicaragua', '', 4),
(155, 'Niger', '', 4),
(156, 'Nigeria', 'نیجریه', 4),
(157, 'Niue', '', 4),
(158, 'Norfolk Island', '', 4),
(159, 'Northern Mariana Islands', '', 4),
(160, 'Norway', '', 4),
(161, 'Oman', 'عمان', 4),
(162, 'Pakistan', 'پاکستان', 4),
(163, 'Palau', '', 4),
(164, 'Panama', 'پاناما', 4),
(165, 'Papua New Guinea', '', 4),
(166, 'Paraguay', '', 4),
(167, 'Peru', 'پرو', 4),
(168, 'Philippines', '', 4),
(169, 'Pitcairn', '', 4),
(170, 'Poland', '', 4),
(171, 'Portugal', '', 4),
(172, 'Puerto Rico', '', 4),
(173, 'Qatar', 'قطر', 4),
(174, 'Reunion', '', 4),
(175, 'Romania', 'رمانیا', 4),
(176, 'Russian Federation', '', 4),
(177, 'Rwanda', '', 4),
(178, 'Saint Kitts and Nevis', '', 4),
(179, 'Saint Lucia', '', 4),
(180, 'Saint Vincent and the Grenadines', '', 4),
(181, 'Samoa', '', 4),
(182, 'San Marino', '', 4),
(183, 'Sao Tome and Principe', '', 4),
(184, 'Saudi Arabia', 'عربستان', 4),
(185, 'Senegal', '', 4),
(186, 'Seychelles', '', 4),
(187, 'Sierra Leone', '', 4),
(188, 'Singapore', '', 4),
(189, 'Slovak Republic', '', 4),
(190, 'Slovenia', '', 4),
(191, 'Solomon Islands', '', 4),
(192, 'Somalia', '', 4),
(193, 'South Africa', '', 4),
(194, 'South Georgia &amp; South Sandwich Islands', '', 4),
(195, 'Spain', '', 4),
(196, 'Sri Lanka', '', 4),
(197, 'St. Helena', '', 4),
(198, 'St. Pierre and Miquelon', '', 4),
(199, 'Sudan', 'سودان', 4),
(200, 'Suriname', '', 4),
(201, 'Svalbard and Jan Mayen Islands', '', 4),
(202, 'Swaziland', '', 4),
(203, 'Sweden', '', 4),
(204, 'Switzerland', '', 4),
(205, 'Syrian Arab Republic', '', 4),
(206, 'Taiwan', 'تایوان', 4),
(207, 'Tajikistan', 'تاجیکستان', 4),
(208, 'Tanzania, United Republic of', '', 4),
(209, 'Thailand', 'تایلند', 4),
(210, 'Togo', '', 4),
(211, 'Tokelau', '', 4),
(212, 'Tonga', '', 4),
(213, 'Trinidad and Tobago', '', 4),
(214, 'Tunisia', '', 4),
(215, 'Turkey', 'ترکیه', 4),
(216, 'Turkmenistan', '', 4),
(217, 'Turks and Caicos Islands', '', 4),
(218, 'Tuvalu', '', 4),
(219, 'Uganda', '', 4),
(220, 'Ukraine', '', 4),
(221, 'United Arab Emirates', 'امارات', 4),
(222, 'United Kingdom', 'انگلیس', 4),
(223, 'United States', 'امریکا', 4),
(225, 'Uruguay', 'اروگوئه', 4),
(226, 'Uzbekistan', '', 4),
(227, 'Vanuatu', '', 4),
(228, 'Vatican City State (Holy See)', '', 4),
(229, 'Venezuela', '', 4),
(230, 'Viet Nam', 'ویتنام', 4),
(231, 'Virgin Islands (British)', '', 4),
(232, 'Virgin Islands (U.S.)', '', 4),
(233, 'Wallis and Futuna Islands', '', 4),
(234, 'Western Sahara', '', 4),
(235, 'Yemen', 'یمن', 4),
(237, 'Democratic Republic of Congo', '', 4),
(238, 'Zambia', '', 4),
(239, 'Zimbabwe', '', 4),
(242, 'Montenegro', '', 4),
(243, 'Serbia', '', 4),
(244, 'Aaland Islands', '', 4),
(245, 'Bonaire, Sint Eustatius and Saba', '', 4),
(246, 'Curacao', '', 4),
(247, 'Palestinian Territory, Occupied', '', 4),
(248, 'South Sudan', '', 4),
(249, 'St. Barthelemy', '', 4),
(250, 'St. Martin (French part)', '', 4),
(251, 'Canary Islands', '', 4),
(252, 'Ascension Island (British)', '', 4),
(253, 'Kosovo, Republic of', 'کوزوو', 4);

-- --------------------------------------------------------

--
-- Table structure for table `failed_jobs`
--

CREATE TABLE `failed_jobs` (
  `id` bigint(20) UNSIGNED NOT NULL,
  `connection` text COLLATE utf8mb4_unicode_ci NOT NULL,
  `queue` text COLLATE utf8mb4_unicode_ci NOT NULL,
  `payload` longtext COLLATE utf8mb4_unicode_ci NOT NULL,
  `exception` longtext COLLATE utf8mb4_unicode_ci NOT NULL,
  `failed_at` timestamp NOT NULL DEFAULT current_timestamp()
) ENGINE=InnoDB DEFAULT CHARSET=utf8mb4 COLLATE=utf8mb4_unicode_ci;

-- --------------------------------------------------------

--
-- Table structure for table `feeds`
--

CREATE TABLE `feeds` (
  `id` bigint(20) UNSIGNED NOT NULL,
  `slug` varchar(255) COLLATE utf8mb4_unicode_ci NOT NULL,
  `modified` varchar(255) COLLATE utf8mb4_unicode_ci NOT NULL,
  `priority` varchar(255) COLLATE utf8mb4_unicode_ci NOT NULL,
  `freq` varchar(255) COLLATE utf8mb4_unicode_ci NOT NULL,
  `created_at` timestamp NULL DEFAULT NULL,
  `updated_at` timestamp NULL DEFAULT NULL
) ENGINE=InnoDB DEFAULT CHARSET=utf8mb4 COLLATE=utf8mb4_unicode_ci;

-- --------------------------------------------------------

--
-- Table structure for table `markusers`
--

CREATE TABLE `markusers` (
  `id` bigint(20) UNSIGNED NOT NULL,
  `user_id` bigint(20) UNSIGNED NOT NULL,
  `supplier_id` bigint(20) UNSIGNED DEFAULT NULL,
  `technical_id` bigint(20) UNSIGNED DEFAULT NULL,
  `offer_id` bigint(20) UNSIGNED DEFAULT NULL,
  `product_id` bigint(20) UNSIGNED DEFAULT NULL,
  `created_at` timestamp NULL DEFAULT NULL,
  `updated_at` timestamp NULL DEFAULT NULL
) ENGINE=InnoDB DEFAULT CHARSET=utf8mb4 COLLATE=utf8mb4_unicode_ci;

-- --------------------------------------------------------

--
-- Table structure for table `media`
--

CREATE TABLE `media` (
  `id` bigint(20) UNSIGNED NOT NULL,
  `image` varchar(255) COLLATE utf8mb4_unicode_ci DEFAULT NULL,
  `video` varchar(255) COLLATE utf8mb4_unicode_ci DEFAULT NULL,
  `type` varchar(255) COLLATE utf8mb4_unicode_ci DEFAULT NULL,
  `product_id` bigint(20) UNSIGNED DEFAULT NULL,
  `brand_id` bigint(20) UNSIGNED DEFAULT NULL,
  `technical_id` bigint(20) UNSIGNED DEFAULT NULL,
  `supplier_id` bigint(20) UNSIGNED DEFAULT NULL,
  `productbrandvariety_id` bigint(20) UNSIGNED DEFAULT NULL,
  `size` varchar(255) COLLATE utf8mb4_unicode_ci DEFAULT NULL,
  `table_name` varchar(255) COLLATE utf8mb4_unicode_ci DEFAULT NULL,
  `date` varchar(255) COLLATE utf8mb4_unicode_ci NOT NULL,
  `user_id` int(11) NOT NULL,
  `status` tinyint(1) NOT NULL DEFAULT 1,
  `created_at` timestamp NULL DEFAULT NULL,
  `updated_at` timestamp NULL DEFAULT NULL
) ENGINE=InnoDB DEFAULT CHARSET=utf8mb4 COLLATE=utf8mb4_unicode_ci;

-- --------------------------------------------------------

--
-- Table structure for table `menudashboards`
--

CREATE TABLE `menudashboards` (
  `id` bigint(20) UNSIGNED NOT NULL,
  `title` varchar(191) COLLATE utf8mb4_unicode_ci NOT NULL,
  `slug` varchar(191) COLLATE utf8mb4_unicode_ci NOT NULL,
  `submenu` int(11) NOT NULL DEFAULT 0,
  `icon` varchar(255) COLLATE utf8mb4_unicode_ci NOT NULL,
  `status` int(11) NOT NULL DEFAULT 1,
  `namayesh` varchar(255) COLLATE utf8mb4_unicode_ci DEFAULT NULL,
  `created_at` timestamp NULL DEFAULT NULL,
  `updated_at` timestamp NULL DEFAULT NULL
) ENGINE=InnoDB DEFAULT CHARSET=utf8mb4 COLLATE=utf8mb4_unicode_ci;

--
-- Dumping data for table `menudashboards`
--

INSERT INTO `menudashboards` (`id`, `title`, `slug`, `submenu`, `icon`, `status`, `namayesh`, `created_at`, `updated_at`) VALUES
(1, 'پنل مدیریتی', 'admin/panel', 0, 'ti-home', 4, 'panel-manage', NULL, NULL),
(2, 'دسته بندی', 'admin/categories', 1, 'ti-write', 4, 'category', NULL, NULL),
(3, 'دسترسی', 'admin/permissions', 1, 'ti-agenda', 4, 'permission', NULL, NULL),
(4, 'وب سایت', 'admin/site', 1, 'ti-server', 4, 'site', NULL, NULL);

-- --------------------------------------------------------

--
-- Table structure for table `menus`
--

CREATE TABLE `menus` (
  `id` bigint(20) UNSIGNED NOT NULL,
  `title` varchar(191) COLLATE utf8mb4_unicode_ci NOT NULL,
  `slug` varchar(191) COLLATE utf8mb4_unicode_ci NOT NULL,
  `keycheck` varchar(255) COLLATE utf8mb4_unicode_ci DEFAULT NULL,
  `keyword` text COLLATE utf8mb4_unicode_ci DEFAULT NULL,
  `description` text COLLATE utf8mb4_unicode_ci DEFAULT NULL,
  `submenu` tinyint(4) DEFAULT 0,
  `status` tinyint(4) DEFAULT 1,
  `textpage` text COLLATE utf8mb4_unicode_ci DEFAULT NULL,
  `created_at` timestamp NULL DEFAULT NULL,
  `updated_at` timestamp NULL DEFAULT NULL
) ENGINE=InnoDB DEFAULT CHARSET=utf8mb4 COLLATE=utf8mb4_unicode_ci;

--
-- Dumping data for table `menus`
--

INSERT INTO `menus` (`id`, `title`, `slug`, `keycheck`, `keyword`, `description`, `submenu`, `status`, `textpage`, `created_at`, `updated_at`) VALUES
(1, 'صفحه اصلی', '/', NULL, NULL, NULL, 0, 4, NULL, NULL, NULL),
(2, 'گفتارها', 'speech', 'speech', NULL, NULL, 1, 4, NULL, NULL, NULL),
(3, 'نوشتارها', 'writing', 'market', NULL, NULL, 0, 4, NULL, NULL, NULL),
(4, 'تصاویر', 'gallery', 'gallery', NULL, NULL, 0, 4, NULL, NULL, NULL),
(5, 'مقالات', 'articles', 'articles', NULL, NULL, 0, 4, NULL, NULL, NULL),
(6, 'کتاب ها', 'book', 'book', NULL, NULL, 0, 4, NULL, NULL, NULL),
(7, 'بیوگرافی', 'bio', 'bio', NULL, NULL, 0, 4, NULL, NULL, NULL);

-- --------------------------------------------------------

--
-- Table structure for table `migrations`
--

CREATE TABLE `migrations` (
  `id` int(10) UNSIGNED NOT NULL,
  `migration` varchar(255) COLLATE utf8mb4_unicode_ci NOT NULL,
  `batch` int(11) NOT NULL
) ENGINE=InnoDB DEFAULT CHARSET=utf8mb4 COLLATE=utf8mb4_unicode_ci;

--
-- Dumping data for table `migrations`
--

INSERT INTO `migrations` (`id`, `migration`, `batch`) VALUES
(1, '2021_07_09_062225_tbl__state', 1),
(2, '2021_07_09_062856_tbl__city', 1),
(3, '2021_07_09_063132_tbl__kala_group', 2),
(4, '2021_07_09_063333_tbl__vehicle_brand', 3),
(7, '2021_07_09_062926_tbl__fanni', 4),
(8, '2021_07_09_063354_tbl__vehicle_model', 5),
(10, '2021_07_09_063403_tbl__vehicle_teep_trim', 6),
(12, '2021_07_09_063344_tbl__vehicle_fanni_group', 7),
(13, '2021_07_09_063002_tbl__kala', 8),
(14, '2021_07_09_062807_tbl__brand', 9),
(15, '2021_07_09_063245_tbl__tamin', 10),
(16, '2021_07_09_063255_tbl__tamin__kala_group', 11),
(17, '2021_07_14_172216_tblrepresatation', 12),
(18, '2021_07_09_063142_tbl__nama', 13),
(21, '2021_07_09_063122_tbl__kala__vehicle', 15),
(22, '2021_07_15_060617_tbl_media', 16),
(24, '2023_01_03_143018_create_submenus_table', 17);

-- --------------------------------------------------------

--
-- Table structure for table `offers`
--

CREATE TABLE `offers` (
  `id` bigint(20) UNSIGNED NOT NULL,
  `slug` varchar(255) COLLATE utf8mb4_unicode_ci NOT NULL,
  `unicode_product` bigint(20) DEFAULT NULL,
  `supplier_id` bigint(20) UNSIGNED DEFAULT NULL,
  `flag` int(11) DEFAULT NULL,
  `userflag` int(11) DEFAULT NULL,
  `permanent_supplier` int(11) DEFAULT NULL,
  `product_group` varchar(191) COLLATE utf8mb4_unicode_ci DEFAULT NULL,
  `title_offer` varchar(255) COLLATE utf8mb4_unicode_ci DEFAULT NULL,
  `product_name` varchar(255) COLLATE utf8mb4_unicode_ci DEFAULT NULL,
  `total` bigint(20) UNSIGNED DEFAULT NULL,
  `title` varchar(255) COLLATE utf8mb4_unicode_ci DEFAULT NULL,
  `brand_id` bigint(20) DEFAULT NULL,
  `brand_name` varchar(255) COLLATE utf8mb4_unicode_ci DEFAULT NULL,
  `state_id` bigint(20) DEFAULT NULL,
  `city_id` bigint(20) DEFAULT NULL,
  `buyorsell` varchar(191) COLLATE utf8mb4_unicode_ci DEFAULT NULL,
  `address` text COLLATE utf8mb4_unicode_ci DEFAULT NULL,
  `homeshow` tinyint(1) DEFAULT 0,
  `mobile` varchar(255) COLLATE utf8mb4_unicode_ci DEFAULT NULL,
  `price` int(10) UNSIGNED DEFAULT NULL,
  `single` tinyint(1) DEFAULT NULL,
  `continual_supplier` tinyint(1) DEFAULT NULL,
  `single_price` int(10) UNSIGNED DEFAULT NULL,
  `image1` varchar(255) COLLATE utf8mb4_unicode_ci DEFAULT NULL,
  `image2` varchar(255) COLLATE utf8mb4_unicode_ci DEFAULT NULL,
  `image3` varchar(255) COLLATE utf8mb4_unicode_ci DEFAULT NULL,
  `description` text COLLATE utf8mb4_unicode_ci DEFAULT NULL,
  `phone` varchar(255) COLLATE utf8mb4_unicode_ci DEFAULT NULL,
  `status` tinyint(1) NOT NULL,
  `noe` varchar(255) COLLATE utf8mb4_unicode_ci DEFAULT 'new',
  `click` bigint(20) DEFAULT 0,
  `countvarity` bigint(20) DEFAULT 0,
  `lat` varchar(255) COLLATE utf8mb4_unicode_ci DEFAULT NULL,
  `lng` varchar(255) COLLATE utf8mb4_unicode_ci DEFAULT NULL,
  `exp_date` varchar(191) COLLATE utf8mb4_unicode_ci DEFAULT NULL,
  `user_id` bigint(20) UNSIGNED NOT NULL,
  `user_handle` bigint(20) UNSIGNED DEFAULT NULL,
  `created_at` timestamp NULL DEFAULT NULL,
  `updated_at` timestamp NULL DEFAULT NULL
) ENGINE=InnoDB DEFAULT CHARSET=utf8mb4 COLLATE=utf8mb4_unicode_ci;

-- --------------------------------------------------------

--
-- Table structure for table `password_resets`
--

CREATE TABLE `password_resets` (
  `email` varchar(255) COLLATE utf8mb4_unicode_ci NOT NULL,
  `token` varchar(255) COLLATE utf8mb4_unicode_ci NOT NULL,
  `created_at` timestamp NULL DEFAULT NULL
) ENGINE=InnoDB DEFAULT CHARSET=utf8mb4 COLLATE=utf8mb4_unicode_ci;

-- --------------------------------------------------------

--
-- Table structure for table `permissions`
--

CREATE TABLE `permissions` (
  `id` int(10) UNSIGNED NOT NULL,
  `name` varchar(191) COLLATE utf8mb4_unicode_ci NOT NULL,
  `label` varchar(191) COLLATE utf8mb4_unicode_ci DEFAULT NULL,
  `created_at` timestamp NULL DEFAULT NULL,
  `updated_at` timestamp NULL DEFAULT NULL
) ENGINE=InnoDB DEFAULT CHARSET=utf8mb4 COLLATE=utf8mb4_unicode_ci;

--
-- Dumping data for table `permissions`
--

INSERT INTO `permissions` (`id`, `name`, `label`, `created_at`, `updated_at`) VALUES
(25, 'permission', 'دسترسی', NULL, NULL),
(26, 'site', 'مدیریت سایت', NULL, NULL),
(27, 'category', 'دسته بندی', '2020-06-29 15:17:09', '2020-06-29 15:17:09'),
(28, 'category-manage', 'مدیریت دسته بندی', NULL, NULL),
(29, 'permission-manage', 'مدیریت دسترسی قسمت ها', NULL, NULL),
(30, 'level-manage', 'مدیریت سطح دسترسی', '2020-06-29 15:49:16', '2020-06-29 15:49:16'),
(32, 'user-level-manage', 'مدیریت دسترسی کاربران', '2020-06-29 15:50:07', '2020-06-29 15:50:07'),
(33, 'user-manage', 'مدیریت کاربران', '2020-06-29 15:50:31', '2020-06-29 15:50:31'),
(34, 'profile', 'مدیریت پروفایل', '2020-06-29 15:50:53', '2020-06-29 15:50:53'),
(35, 'product-group-manage', 'مدیریت گروه کالا', '2020-06-29 15:51:13', '2021-07-16 17:22:43'),
(36, 'supplier-manage', 'مدیریت تامین کننده', '2020-06-29 15:51:30', '2021-07-16 17:23:01'),
(37, 'technical-unit-manage', 'مدیریت واحد های خدمات فنی', '2020-06-29 15:51:47', '2021-07-16 17:23:20'),
(38, 'sitecategory-manage', 'مدیریت دسته بندی سایت', '2020-06-29 15:52:06', '2020-06-29 15:52:06'),
(42, 'menudashboards-manage', 'مدیریت منو داشبورد', '2020-07-02 21:08:56', '2020-07-02 21:08:56'),
(43, 'submenudashboards-manage', 'مدیریت زیرمنو داشبورد', '2020-07-02 21:09:16', '2020-07-02 21:09:16'),
(52, 'brand-manage', 'مدیریت برند قطعات', '2020-09-12 07:15:51', '2021-07-26 07:12:05'),
(56, 'car-manage', 'مدیریت خودرو', '2021-07-16 17:24:01', '2021-08-06 18:20:37'),
(57, 'product-manage', 'مدیریت کالا', '2021-07-16 17:24:13', '2021-07-16 17:24:13'),
(58, 'productbrandvariety-manage', 'مدیریت کالا برند تنوع', '2021-07-27 17:15:52', '2021-08-18 15:37:01'),
(59, 'user-site-manage', 'مدیریت کاربران سایت', '2021-08-27 16:32:59', '2021-08-27 16:32:59'),
(60, 'comment-manage', 'مدیریت پیام ها', '2021-09-01 04:54:58', '2021-09-01 04:54:58'),
(61, 'commentrate-manage', 'مدیریت نظرات', '2021-09-09 16:51:22', '2021-09-09 16:51:22'),
(62, 'offer-manage', 'مدیریت آگهی ها', '2021-09-27 18:22:00', '2021-11-12 08:02:17'),
(63, 'slide-manage', 'مدیریت اسلایدها', '2021-09-28 18:25:38', '2021-09-28 18:25:38'),
(64, 'sitemenu-manage', 'مدیریت منو سایت', '2022-07-31 05:50:36', '2022-07-31 05:50:36');

-- --------------------------------------------------------

--
-- Table structure for table `permission_role`
--

CREATE TABLE `permission_role` (
  `role_id` int(10) UNSIGNED NOT NULL,
  `permission_id` int(10) UNSIGNED NOT NULL
) ENGINE=InnoDB DEFAULT CHARSET=utf8mb4 COLLATE=utf8mb4_unicode_ci;

--
-- Dumping data for table `permission_role`
--

INSERT INTO `permission_role` (`role_id`, `permission_id`) VALUES
(8, 25),
(8, 26),
(8, 27),
(8, 28),
(8, 29),
(8, 30),
(8, 32),
(8, 33),
(8, 34),
(8, 35),
(8, 36),
(8, 37),
(8, 38),
(8, 42),
(8, 43),
(8, 52),
(8, 56),
(8, 57),
(8, 58),
(8, 59),
(8, 60),
(8, 61),
(8, 62),
(8, 63),
(8, 64),
(9, 26),
(9, 35),
(9, 36),
(9, 37),
(9, 52),
(9, 56),
(9, 57),
(9, 58),
(9, 59),
(9, 60),
(9, 61),
(9, 62),
(9, 63),
(9, 64),
(10, 26),
(10, 57),
(11, 26);

-- --------------------------------------------------------

--
-- Table structure for table `products`
--

CREATE TABLE `products` (
  `id` bigint(20) UNSIGNED NOT NULL,
  `unicode` bigint(20) UNSIGNED NOT NULL,
  `review` text COLLATE utf8mb4_unicode_ci DEFAULT NULL,
  `slug` varchar(255) COLLATE utf8mb4_unicode_ci DEFAULT NULL,
  `kala_group_id` bigint(20) UNSIGNED DEFAULT NULL,
  `image` varchar(255) COLLATE utf8mb4_unicode_ci DEFAULT NULL,
  `title_fa` varchar(255) COLLATE utf8mb4_unicode_ci DEFAULT NULL,
  `title_en` varchar(255) COLLATE utf8mb4_unicode_ci DEFAULT NULL,
  `title_bazar_fa` varchar(255) COLLATE utf8mb4_unicode_ci DEFAULT NULL,
  `title_bazar_en` varchar(255) COLLATE utf8mb4_unicode_ci DEFAULT NULL,
  `title_fani_fa` varchar(255) COLLATE utf8mb4_unicode_ci DEFAULT NULL,
  `title_fani_en` varchar(255) COLLATE utf8mb4_unicode_ci DEFAULT NULL,
  `code_fani_company` varchar(255) COLLATE utf8mb4_unicode_ci DEFAULT NULL,
  `hs` varchar(255) COLLATE utf8mb4_unicode_ci DEFAULT NULL,
  `oem` varchar(255) COLLATE utf8mb4_unicode_ci DEFAULT NULL,
  `keyword` varchar(255) COLLATE utf8mb4_unicode_ci DEFAULT NULL,
  `status` tinyint(1) DEFAULT 1,
  `description` text COLLATE utf8mb4_unicode_ci DEFAULT NULL,
  `date` varchar(255) COLLATE utf8mb4_unicode_ci NOT NULL,
  `user_id` int(11) NOT NULL,
  `kala_validation` tinyint(1) DEFAULT NULL,
  `click` bigint(20) UNSIGNED DEFAULT 0,
  `user_handle` varchar(255) COLLATE utf8mb4_unicode_ci DEFAULT NULL,
  `date_handle` varchar(255) COLLATE utf8mb4_unicode_ci DEFAULT NULL,
  `specific1` varchar(255) COLLATE utf8mb4_unicode_ci DEFAULT NULL,
  `specific2` varchar(255) COLLATE utf8mb4_unicode_ci DEFAULT NULL,
  `specific3` varchar(255) COLLATE utf8mb4_unicode_ci DEFAULT NULL,
  `specific4` varchar(255) COLLATE utf8mb4_unicode_ci DEFAULT NULL,
  `specific5` varchar(255) COLLATE utf8mb4_unicode_ci DEFAULT NULL,
  `specific6` varchar(255) COLLATE utf8mb4_unicode_ci DEFAULT NULL,
  `title_specific1` varchar(255) COLLATE utf8mb4_unicode_ci DEFAULT NULL,
  `title_specific2` varchar(255) COLLATE utf8mb4_unicode_ci DEFAULT NULL,
  `title_specific3` varchar(255) COLLATE utf8mb4_unicode_ci DEFAULT NULL,
  `title_specific4` varchar(255) COLLATE utf8mb4_unicode_ci DEFAULT NULL,
  `title_specific5` varchar(255) COLLATE utf8mb4_unicode_ci DEFAULT NULL,
  `title_specific6` varchar(255) COLLATE utf8mb4_unicode_ci DEFAULT NULL,
  `countvarity` bigint(20) DEFAULT 0,
  `created_at` timestamp NULL DEFAULT NULL,
  `updated_at` timestamp NULL DEFAULT NULL
) ENGINE=InnoDB DEFAULT CHARSET=utf8mb4 COLLATE=utf8mb4_unicode_ci;

-- --------------------------------------------------------

--
-- Table structure for table `product_brand_varieties`
--

CREATE TABLE `product_brand_varieties` (
  `id` bigint(20) UNSIGNED NOT NULL,
  `product_id` bigint(20) UNSIGNED DEFAULT NULL,
  `brand_id` bigint(20) UNSIGNED DEFAULT NULL,
  `description` text COLLATE utf8mb4_unicode_ci DEFAULT NULL,
  `review` text COLLATE utf8mb4_unicode_ci DEFAULT NULL,
  `status` tinyint(4) NOT NULL,
  `item1` varchar(191) COLLATE utf8mb4_unicode_ci DEFAULT NULL,
  `value_item1` varchar(191) COLLATE utf8mb4_unicode_ci DEFAULT NULL,
  `item2` varchar(191) COLLATE utf8mb4_unicode_ci DEFAULT NULL,
  `value_item2` varchar(191) COLLATE utf8mb4_unicode_ci DEFAULT NULL,
  `item3` varchar(191) COLLATE utf8mb4_unicode_ci DEFAULT NULL,
  `value_item3` varchar(191) COLLATE utf8mb4_unicode_ci DEFAULT NULL,
  `strength1` varchar(255) COLLATE utf8mb4_unicode_ci DEFAULT NULL,
  `strength2` varchar(255) COLLATE utf8mb4_unicode_ci DEFAULT NULL,
  `strength3` varchar(255) COLLATE utf8mb4_unicode_ci DEFAULT NULL,
  `strength4` varchar(255) COLLATE utf8mb4_unicode_ci DEFAULT NULL,
  `weakness1` varchar(255) COLLATE utf8mb4_unicode_ci DEFAULT NULL,
  `weakness2` varchar(255) COLLATE utf8mb4_unicode_ci DEFAULT NULL,
  `weakness3` varchar(255) COLLATE utf8mb4_unicode_ci DEFAULT NULL,
  `weakness4` varchar(255) COLLATE utf8mb4_unicode_ci DEFAULT NULL,
  `image1` varchar(255) COLLATE utf8mb4_unicode_ci DEFAULT NULL,
  `image2` varchar(255) COLLATE utf8mb4_unicode_ci DEFAULT NULL,
  `image3` varchar(255) COLLATE utf8mb4_unicode_ci DEFAULT NULL,
  `date` varchar(191) COLLATE utf8mb4_unicode_ci NOT NULL,
  `user_id` bigint(20) NOT NULL,
  `guarantee` varchar(191) COLLATE utf8mb4_unicode_ci DEFAULT NULL,
  `user_handle` varchar(191) COLLATE utf8mb4_unicode_ci DEFAULT NULL,
  `date_handle` varchar(191) COLLATE utf8mb4_unicode_ci NOT NULL,
  `created_at` timestamp NULL DEFAULT NULL,
  `updated_at` timestamp NULL DEFAULT NULL
) ENGINE=InnoDB DEFAULT CHARSET=utf8mb4 COLLATE=utf8mb4_unicode_ci;

-- --------------------------------------------------------

--
-- Table structure for table `product_groups`
--

CREATE TABLE `product_groups` (
  `id` bigint(20) UNSIGNED NOT NULL,
  `title_fa` varchar(255) COLLATE utf8mb4_unicode_ci DEFAULT NULL,
  `related_service` varchar(255) COLLATE utf8mb4_unicode_ci DEFAULT NULL,
  `code` varchar(255) COLLATE utf8mb4_unicode_ci DEFAULT NULL,
  `part_description` text COLLATE utf8mb4_unicode_ci DEFAULT NULL,
  `service_description` text COLLATE utf8mb4_unicode_ci DEFAULT NULL,
  `service_title` varchar(255) COLLATE utf8mb4_unicode_ci DEFAULT NULL,
  `date` int(11) DEFAULT NULL,
  `date_handle` int(11) DEFAULT NULL,
  `user_id` int(11) DEFAULT NULL,
  `user_handle` int(11) DEFAULT NULL,
  `status` tinyint(1) NOT NULL DEFAULT 1,
  `created_at` timestamp NULL DEFAULT NULL,
  `updated_at` timestamp NULL DEFAULT NULL
) ENGINE=InnoDB DEFAULT CHARSET=utf8mb4 COLLATE=utf8mb4_unicode_ci;

-- --------------------------------------------------------

--
-- Table structure for table `representatives`
--

CREATE TABLE `representatives` (
  `id` bigint(20) UNSIGNED NOT NULL,
  `status` tinyint(1) DEFAULT 1,
  `supplier_id` bigint(20) UNSIGNED DEFAULT NULL,
  `brand_id` bigint(20) UNSIGNED DEFAULT NULL,
  `date` varchar(255) COLLATE utf8mb4_unicode_ci NOT NULL,
  `user_id` varchar(255) COLLATE utf8mb4_unicode_ci NOT NULL,
  `exp_date` varchar(255) COLLATE utf8mb4_unicode_ci NOT NULL,
  `user_handle` varchar(255) COLLATE utf8mb4_unicode_ci DEFAULT NULL,
  `date_handle` varchar(255) COLLATE utf8mb4_unicode_ci NOT NULL,
  `created_at` timestamp NULL DEFAULT NULL,
  `updated_at` timestamp NULL DEFAULT NULL
) ENGINE=InnoDB DEFAULT CHARSET=utf8mb4 COLLATE=utf8mb4_unicode_ci;

-- --------------------------------------------------------

--
-- Table structure for table `representative_suppliers`
--

CREATE TABLE `representative_suppliers` (
  `id` bigint(20) UNSIGNED NOT NULL,
  `supplier_id` bigint(20) UNSIGNED DEFAULT NULL,
  `status` int(11) NOT NULL DEFAULT 1,
  `user_id` bigint(20) UNSIGNED NOT NULL,
  `date` varchar(255) COLLATE utf8mb4_unicode_ci NOT NULL,
  `brand_id` bigint(20) UNSIGNED NOT NULL,
  `representative_id` bigint(20) UNSIGNED DEFAULT NULL,
  `created_at` timestamp NULL DEFAULT NULL,
  `updated_at` timestamp NULL DEFAULT NULL
) ENGINE=InnoDB DEFAULT CHARSET=utf8mb4 COLLATE=utf8mb4_unicode_ci;

-- --------------------------------------------------------

--
-- Table structure for table `roles`
--

CREATE TABLE `roles` (
  `id` int(10) UNSIGNED NOT NULL,
  `name` varchar(191) COLLATE utf8mb4_unicode_ci NOT NULL,
  `label` varchar(191) COLLATE utf8mb4_unicode_ci DEFAULT NULL,
  `created_at` timestamp NULL DEFAULT NULL,
  `updated_at` timestamp NULL DEFAULT NULL
) ENGINE=InnoDB DEFAULT CHARSET=utf8mb4 COLLATE=utf8mb4_unicode_ci;

--
-- Dumping data for table `roles`
--

INSERT INTO `roles` (`id`, `name`, `label`, `created_at`, `updated_at`) VALUES
(8, 'مدیر ارشد', 'admin', '2020-04-19 19:45:09', '2020-04-19 19:45:09'),
(9, 'مدیر', 'manager', '2020-04-19 19:48:47', '2020-04-19 19:48:47'),
(10, 'کارشناس', 'expert', '2020-04-19 19:49:37', '2020-04-19 19:49:37'),
(11, 'موقت', 'temp', NULL, NULL);

-- --------------------------------------------------------

--
-- Table structure for table `role_user`
--

CREATE TABLE `role_user` (
  `role_id` int(10) UNSIGNED NOT NULL,
  `user_id` int(10) UNSIGNED NOT NULL
) ENGINE=InnoDB DEFAULT CHARSET=utf8mb4 COLLATE=utf8mb4_unicode_ci;

--
-- Dumping data for table `role_user`
--

INSERT INTO `role_user` (`role_id`, `user_id`) VALUES
(8, 1),
(9, 6),
(10, 4),
(10, 5),
(9, 7),
(10, 13),
(10, 14),
(10, 17),
(11, 15);

-- --------------------------------------------------------

--
-- Table structure for table `slides`
--

CREATE TABLE `slides` (
  `id` bigint(20) UNSIGNED NOT NULL,
  `title1` varchar(255) COLLATE utf8mb4_unicode_ci DEFAULT NULL,
  `title2` text COLLATE utf8mb4_unicode_ci DEFAULT NULL,
  `image` varchar(191) COLLATE utf8mb4_unicode_ci NOT NULL,
  `user_id` bigint(20) NOT NULL,
  `status` int(11) NOT NULL,
  `state_id` bigint(20) DEFAULT NULL,
  `created_at` timestamp NULL DEFAULT NULL,
  `updated_at` timestamp NULL DEFAULT NULL
) ENGINE=InnoDB DEFAULT CHARSET=utf8mb4 COLLATE=utf8mb4_unicode_ci;

--
-- Dumping data for table `slides`
--

INSERT INTO `slides` (`id`, `title1`, `title2`, `image`, `user_id`, `status`, `state_id`, `created_at`, `updated_at`) VALUES
(1, '', NULL, 'images/slider-img1.jpg', 0, 4, NULL, NULL, NULL),
(2, '', NULL, 'images/slider-img2.jpg', 0, 4, NULL, NULL, NULL),
(3, '', NULL, 'images/slider-img3.jpg', 0, 4, NULL, NULL, NULL);

-- --------------------------------------------------------

--
-- Table structure for table `slide_state`
--

CREATE TABLE `slide_state` (
  `slide_id` int(10) UNSIGNED NOT NULL,
  `state_id` int(10) UNSIGNED NOT NULL
) ENGINE=InnoDB DEFAULT CHARSET=utf8mb4 COLLATE=utf8mb4_unicode_ci;

-- --------------------------------------------------------

--
-- Table structure for table `speakers`
--

CREATE TABLE `speakers` (
  `id` bigint(20) UNSIGNED NOT NULL,
  `title_fa` varchar(255) COLLATE utf8mb4_unicode_ci NOT NULL,
  `click` bigint(20) NOT NULL DEFAULT 0,
  `slug` varchar(255) COLLATE utf8mb4_unicode_ci DEFAULT NULL,
  `title_en` varchar(255) COLLATE utf8mb4_unicode_ci DEFAULT NULL,
  `abstract_title` varchar(255) COLLATE utf8mb4_unicode_ci DEFAULT NULL,
  `image` varchar(255) COLLATE utf8mb4_unicode_ci DEFAULT NULL,
  `phone` varchar(255) COLLATE utf8mb4_unicode_ci DEFAULT NULL,
  `mobile` varchar(255) COLLATE utf8mb4_unicode_ci DEFAULT NULL,
  `whatsapp` varchar(255) COLLATE utf8mb4_unicode_ci DEFAULT NULL,
  `country_id` bigint(20) UNSIGNED DEFAULT NULL,
  `email` varchar(255) COLLATE utf8mb4_unicode_ci DEFAULT NULL,
  `website` varchar(255) COLLATE utf8mb4_unicode_ci DEFAULT NULL,
  `homeshow` tinyint(1) DEFAULT 0,
  `status` tinyint(1) UNSIGNED DEFAULT 1,
  `address` text COLLATE utf8mb4_unicode_ci DEFAULT NULL,
  `description` text COLLATE utf8mb4_unicode_ci DEFAULT NULL,
  `date` varchar(255) COLLATE utf8mb4_unicode_ci NOT NULL,
  `user_id` varchar(255) COLLATE utf8mb4_unicode_ci NOT NULL,
  `user_handle` varchar(255) COLLATE utf8mb4_unicode_ci DEFAULT NULL,
  `date_handle` varchar(255) COLLATE utf8mb4_unicode_ci NOT NULL,
  `created_at` timestamp NULL DEFAULT NULL,
  `updated_at` timestamp NULL DEFAULT NULL
) ENGINE=InnoDB DEFAULT CHARSET=utf8mb4 COLLATE=utf8mb4_unicode_ci;

-- --------------------------------------------------------

--
-- Table structure for table `states`
--

CREATE TABLE `states` (
  `id` bigint(20) UNSIGNED NOT NULL,
  `title` varchar(255) COLLATE utf8mb4_unicode_ci NOT NULL,
  `status` tinyint(1) NOT NULL DEFAULT 1
) ENGINE=InnoDB DEFAULT CHARSET=utf8mb4 COLLATE=utf8mb4_unicode_ci;

--
-- Dumping data for table `states`
--

INSERT INTO `states` (`id`, `title`, `status`) VALUES
(1, 'آذربايجان شرقي', 4),
(2, 'آذربايجان غربي', 4),
(3, 'اردبيل', 4),
(4, 'اصفهان', 4),
(5, 'البرز', 4),
(6, 'ايلام', 4),
(7, 'بوشهر', 4),
(8, 'تهران', 4),
(9, 'چهارمحال وبختياري', 4),
(10, 'خراسان جنوبي', 4),
(11, 'خراسان رضوي', 4),
(12, 'خراسان شمالي', 4),
(13, 'خوزستان', 4),
(14, 'زنجان', 4),
(15, 'سمنان', 4),
(16, 'سيستان وبلوچستان', 4),
(17, 'فارس', 4),
(18, 'قزوين', 4),
(19, 'قم', 4),
(20, 'کردستان', 4),
(21, 'کرمان', 4),
(22, 'کرمانشاه', 4),
(23, 'کهگيلويه وبويراحمد', 4),
(24, 'گلستان', 4),
(25, 'گيلان', 4),
(26, 'لرستان', 4),
(27, 'مازندران', 4),
(28, 'مرکزي', 4),
(29, 'هرمزگان', 4),
(30, 'همدان', 4),
(31, 'يزد', 4);

-- --------------------------------------------------------

--
-- Table structure for table `statuses`
--

CREATE TABLE `statuses` (
  `id` bigint(20) UNSIGNED NOT NULL,
  `title` varchar(191) COLLATE utf8mb4_unicode_ci NOT NULL
) ENGINE=InnoDB DEFAULT CHARSET=utf8mb4 COLLATE=utf8mb4_unicode_ci;

--
-- Dumping data for table `statuses`
--

INSERT INTO `statuses` (`id`, `title`) VALUES
(1, 'پیش نویس'),
(2, 'درحال بررسی'),
(3, 'تایید مدیر'),
(4, 'درحال نمایش'),
(5, 'معلق شده'),
(6, 'حذف شده');

-- --------------------------------------------------------

--
-- Table structure for table `submenudashboards`
--

CREATE TABLE `submenudashboards` (
  `id` bigint(20) UNSIGNED NOT NULL,
  `title` varchar(191) COLLATE utf8mb4_unicode_ci NOT NULL,
  `name` varchar(255) COLLATE utf8mb4_unicode_ci NOT NULL,
  `slug` varchar(191) COLLATE utf8mb4_unicode_ci NOT NULL,
  `menu_id` bigint(20) NOT NULL,
  `status` int(11) NOT NULL DEFAULT 1,
  `namayesh` varchar(255) COLLATE utf8mb4_unicode_ci DEFAULT NULL,
  `ejad` varchar(255) COLLATE utf8mb4_unicode_ci DEFAULT NULL,
  `taghir` varchar(255) COLLATE utf8mb4_unicode_ci DEFAULT NULL,
  `hazf` varchar(255) COLLATE utf8mb4_unicode_ci DEFAULT NULL,
  `created_at` timestamp NULL DEFAULT NULL,
  `updated_at` timestamp NULL DEFAULT NULL
) ENGINE=InnoDB DEFAULT CHARSET=utf8mb4 COLLATE=utf8mb4_unicode_ci;

--
-- Dumping data for table `submenudashboards`
--

INSERT INTO `submenudashboards` (`id`, `title`, `name`, `slug`, `menu_id`, `status`, `namayesh`, `ejad`, `taghir`, `hazf`, `created_at`, `updated_at`) VALUES
(1, 'categories', 'مدیریت دسته بندی', 'categories', 2, 4, 'category-manage', 'category-create', 'category-update', 'category-delet', NULL, NULL),
(2, 'permissions', 'دسترسی', 'permissions', 3, 4, 'permission-manage', NULL, NULL, NULL, NULL, NULL),
(3, 'roles', 'سطح بندی', 'roles', 3, 4, 'level-manage', NULL, NULL, NULL, NULL, NULL),
(4, 'levelAdmins', 'سطح بندی کاربران', 'levelAdmins', 3, 4, 'user-level-manage', NULL, NULL, NULL, NULL, NULL),
(5, 'users', 'مدیریت کاربر', 'users', 3, 4, 'user-manage', NULL, NULL, NULL, NULL, NULL),
(6, 'profile', 'نمایش پروفایل', 'profile', 3, 4, 'profile', NULL, NULL, NULL, NULL, NULL),
(7, 'logout', 'قفل صفحه', 'logout', 3, 4, 'logout', NULL, NULL, NULL, NULL, NULL),
(15, 'menudashboards', 'مدیریت منو داشبورد', 'menudashboards', 2, 4, 'menudashboards-manage', NULL, NULL, NULL, NULL, NULL),
(16, 'submenudashboards', 'مدیریت زیر منو داشبورد', 'submenudashboards', 2, 4, 'submenudashboards-manage', NULL, NULL, NULL, NULL, NULL),
(24, 'products', 'مدیریت کالا', 'products', 4, 4, 'product-manage', NULL, NULL, 'product-delete', '2020-09-12 07:17:45', '2021-07-16 17:06:21'),
(27, 'technicalunits', 'مدیریت واحد های خدمات فنی', 'technicalunits', 4, 4, 'technical-unit-manage', NULL, NULL, NULL, '2020-12-09 15:34:02', '2021-07-16 17:12:41'),
(28, 'suppliers', 'مدیریت تامین کننده', 'suppliers', 4, 4, 'supplier-manage', NULL, NULL, NULL, '2021-07-16 17:09:23', '2021-07-16 17:09:23'),
(29, 'productgroups', 'مدیریت گروه کالا', 'productgroups', 4, 4, 'product-group-manage', NULL, NULL, NULL, '2021-07-16 17:10:18', '2021-07-16 17:10:18'),
(30, 'brands', 'مدیریت برند قطعات', 'brands', 4, 4, 'brand-manage', NULL, NULL, NULL, '2021-07-16 17:10:54', '2021-07-26 07:12:26'),
(31, 'cars', 'مدیریت خودرو', 'cars', 4, 4, 'car-manage', NULL, NULL, NULL, '2021-07-16 17:12:13', '2021-08-06 18:19:51'),
(35, 'productbrandvarieties', 'مدیریت کالا برند تنوع', 'productbrandvarieties', 4, 4, 'productbrandvariety-manage', NULL, NULL, NULL, '2021-08-18 15:43:48', '2021-08-18 15:45:10'),
(36, 'siteusers', 'مدیریت کاربران سایت', 'siteusers', 4, 4, 'user-site-manage', NULL, NULL, NULL, '2021-08-27 16:33:47', '2021-08-27 16:33:47'),
(37, 'comments', 'مدیریت پیام ها', 'comments', 4, 4, 'comment-manage', NULL, NULL, NULL, '2021-09-01 04:54:22', '2021-09-01 04:56:52'),
(38, 'commentrates', 'مدیریت نظرات', 'commentrates', 4, 4, 'commentrate-manage', NULL, NULL, NULL, '2021-09-09 16:51:02', '2021-09-09 16:51:02'),
(39, 'offers', 'مدیریت آگهی ها', 'offers', 4, 4, 'offer-manage', NULL, NULL, NULL, '2021-09-27 18:21:08', '2021-11-12 08:02:37'),
(40, 'slides', 'مدیریت اسلاید ها', 'slides', 4, 4, 'slide-manage', NULL, NULL, NULL, '2021-09-28 18:25:17', '2021-09-28 18:25:17'),
(41, 'sitemenus', 'مدیریت منو سایت', 'sitemenus', 4, 4, 'sitemenu-manage', NULL, NULL, NULL, '2022-07-31 05:49:26', '2022-07-31 05:49:49');

-- --------------------------------------------------------

--
-- Table structure for table `submenus`
--

CREATE TABLE `submenus` (
  `id` bigint(20) UNSIGNED NOT NULL,
  `title` varchar(255) COLLATE utf8mb4_unicode_ci NOT NULL,
  `slug` varchar(255) COLLATE utf8mb4_unicode_ci NOT NULL,
  `keycheck` varchar(255) COLLATE utf8mb4_unicode_ci NOT NULL,
  `keyword` varchar(255) COLLATE utf8mb4_unicode_ci NOT NULL,
  `status` tinyint(1) NOT NULL DEFAULT 0,
  `description` text COLLATE utf8mb4_unicode_ci NOT NULL,
  `menu_id` bigint(20) UNSIGNED NOT NULL,
  `created_at` timestamp NULL DEFAULT NULL,
  `updated_at` timestamp NULL DEFAULT NULL
) ENGINE=InnoDB DEFAULT CHARSET=utf8mb4 COLLATE=utf8mb4_unicode_ci;

--
-- Dumping data for table `submenus`
--

INSERT INTO `submenus` (`id`, `title`, `slug`, `keycheck`, `keyword`, `status`, `description`, `menu_id`, `created_at`, `updated_at`) VALUES
(1, 'گفتار1', 'speech1', '', '', 4, '', 2, NULL, NULL),
(2, 'گفتار2', 'speech2', '', '', 4, '', 2, NULL, NULL),
(3, 'گفتار3', 'speech3', '', '', 4, '', 2, NULL, NULL),
(4, 'گفتار4', 'speech4', '', '', 4, '', 2, NULL, NULL),
(5, 'گفتار5', 'speech5', '', '', 4, '', 2, NULL, NULL);

-- --------------------------------------------------------

--
-- Table structure for table `suppliers`
--

CREATE TABLE `suppliers` (
  `id` bigint(20) UNSIGNED NOT NULL,
  `title` varchar(255) COLLATE utf8mb4_unicode_ci NOT NULL,
  `supplier_keyword` text COLLATE utf8mb4_unicode_ci DEFAULT NULL,
  `slug` varchar(255) COLLATE utf8mb4_unicode_ci DEFAULT NULL,
  `manager` varchar(255) COLLATE utf8mb4_unicode_ci DEFAULT NULL,
  `image` varchar(255) COLLATE utf8mb4_unicode_ci DEFAULT NULL,
  `image2` varchar(255) COLLATE utf8mb4_unicode_ci DEFAULT NULL,
  `image3` varchar(255) COLLATE utf8mb4_unicode_ci DEFAULT NULL,
  `slide1` varchar(255) COLLATE utf8mb4_unicode_ci DEFAULT NULL,
  `slide2` varchar(255) COLLATE utf8mb4_unicode_ci DEFAULT NULL,
  `slide3` varchar(255) COLLATE utf8mb4_unicode_ci DEFAULT NULL,
  `banner` varchar(255) COLLATE utf8mb4_unicode_ci DEFAULT NULL,
  `manufacturer` tinyint(1) DEFAULT 0,
  `importer` tinyint(1) DEFAULT 0,
  `whole_seller` tinyint(1) DEFAULT 0,
  `retail_seller` tinyint(1) DEFAULT 0,
  `phone` varchar(20) COLLATE utf8mb4_unicode_ci DEFAULT NULL,
  `mobile` varchar(20) COLLATE utf8mb4_unicode_ci DEFAULT NULL,
  `whatsapp` varchar(20) COLLATE utf8mb4_unicode_ci DEFAULT NULL,
  `state_id` bigint(20) UNSIGNED DEFAULT NULL,
  `city_id` bigint(20) UNSIGNED DEFAULT NULL,
  `lat` varchar(255) COLLATE utf8mb4_unicode_ci DEFAULT NULL,
  `lng` varchar(255) COLLATE utf8mb4_unicode_ci DEFAULT NULL,
  `email` varchar(255) COLLATE utf8mb4_unicode_ci DEFAULT NULL,
  `website` varchar(255) COLLATE utf8mb4_unicode_ci DEFAULT NULL,
  `status` tinyint(1) UNSIGNED NOT NULL DEFAULT 1,
  `address` text COLLATE utf8mb4_unicode_ci DEFAULT NULL,
  `description` text COLLATE utf8mb4_unicode_ci DEFAULT NULL,
  `date` varchar(255) COLLATE utf8mb4_unicode_ci NOT NULL,
  `homeshow` tinyint(1) DEFAULT 0,
  `user_id` int(11) DEFAULT NULL,
  `kala_validation` int(11) DEFAULT NULL,
  `autokala` tinyint(1) DEFAULT NULL,
  `click` bigint(20) UNSIGNED DEFAULT NULL,
  `logo` varchar(255) COLLATE utf8mb4_unicode_ci DEFAULT NULL,
  `pageurl` varchar(255) COLLATE utf8mb4_unicode_ci DEFAULT NULL,
  `keyword` text COLLATE utf8mb4_unicode_ci DEFAULT NULL,
  `user_handle` varchar(255) COLLATE utf8mb4_unicode_ci DEFAULT NULL,
  `date_handle` varchar(255) COLLATE utf8mb4_unicode_ci DEFAULT NULL,
  `avgrate` bigint(20) NOT NULL DEFAULT 0,
  `created_at` timestamp NULL DEFAULT NULL,
  `updated_at` timestamp NULL DEFAULT NULL
) ENGINE=InnoDB DEFAULT CHARSET=utf8mb4 COLLATE=utf8mb4_unicode_ci;

-- --------------------------------------------------------

--
-- Table structure for table `supplier_product_groups`
--

CREATE TABLE `supplier_product_groups` (
  `id` bigint(20) UNSIGNED NOT NULL,
  `kala_group_id` bigint(20) UNSIGNED DEFAULT NULL,
  `car_brand_id` bigint(20) UNSIGNED DEFAULT NULL,
  `supplier_id` bigint(20) UNSIGNED DEFAULT NULL,
  `car_model_id` bigint(20) UNSIGNED DEFAULT NULL,
  `status` tinyint(1) UNSIGNED NOT NULL DEFAULT 1,
  `date` varchar(255) COLLATE utf8mb4_unicode_ci NOT NULL,
  `user_handle` varchar(255) COLLATE utf8mb4_unicode_ci DEFAULT NULL,
  `date_handle` varchar(255) COLLATE utf8mb4_unicode_ci DEFAULT NULL,
  `user_id` int(11) NOT NULL,
  `created_at` timestamp NULL DEFAULT NULL,
  `updated_at` timestamp NULL DEFAULT NULL
) ENGINE=InnoDB DEFAULT CHARSET=utf8mb4 COLLATE=utf8mb4_unicode_ci;

-- --------------------------------------------------------

--
-- Table structure for table `technical_units`
--

CREATE TABLE `technical_units` (
  `id` bigint(20) UNSIGNED NOT NULL,
  `title` varchar(255) COLLATE utf8mb4_unicode_ci NOT NULL,
  `tech_keyword` text COLLATE utf8mb4_unicode_ci DEFAULT NULL,
  `slug` varchar(255) COLLATE utf8mb4_unicode_ci DEFAULT NULL,
  `image` varchar(255) COLLATE utf8mb4_unicode_ci DEFAULT NULL,
  `image2` varchar(255) COLLATE utf8mb4_unicode_ci DEFAULT NULL,
  `image3` varchar(255) COLLATE utf8mb4_unicode_ci DEFAULT NULL,
  `manager` varchar(255) COLLATE utf8mb4_unicode_ci DEFAULT NULL,
  `phone` varchar(255) COLLATE utf8mb4_unicode_ci DEFAULT NULL,
  `phone2` varchar(255) COLLATE utf8mb4_unicode_ci DEFAULT NULL,
  `phone3` varchar(255) COLLATE utf8mb4_unicode_ci DEFAULT NULL,
  `mobile` varchar(255) COLLATE utf8mb4_unicode_ci DEFAULT NULL,
  `mobile2` varchar(255) COLLATE utf8mb4_unicode_ci DEFAULT NULL,
  `whatsapp` varchar(255) COLLATE utf8mb4_unicode_ci DEFAULT NULL,
  `state_id` bigint(20) UNSIGNED DEFAULT NULL,
  `city_id` bigint(20) UNSIGNED DEFAULT NULL,
  `location` varchar(255) COLLATE utf8mb4_unicode_ci DEFAULT NULL,
  `lat` varchar(255) COLLATE utf8mb4_unicode_ci DEFAULT NULL,
  `lng` varchar(255) COLLATE utf8mb4_unicode_ci DEFAULT NULL,
  `email` varchar(255) COLLATE utf8mb4_unicode_ci DEFAULT NULL,
  `website` varchar(255) COLLATE utf8mb4_unicode_ci DEFAULT NULL,
  `status` tinyint(1) UNSIGNED DEFAULT 1,
  `address` text COLLATE utf8mb4_unicode_ci DEFAULT NULL,
  `description` text COLLATE utf8mb4_unicode_ci DEFAULT NULL,
  `date` varchar(255) COLLATE utf8mb4_unicode_ci NOT NULL,
  `homeshow` tinyint(1) DEFAULT 0,
  `user_id` bigint(20) UNSIGNED DEFAULT NULL,
  `kala_validation` varchar(255) COLLATE utf8mb4_unicode_ci DEFAULT NULL,
  `autokala` tinyint(1) DEFAULT NULL,
  `click` bigint(20) UNSIGNED DEFAULT NULL,
  `user_handle` varchar(255) COLLATE utf8mb4_unicode_ci DEFAULT NULL,
  `date_handle` varchar(255) COLLATE utf8mb4_unicode_ci DEFAULT NULL,
  `avgrate` bigint(20) NOT NULL DEFAULT 0,
  `created_at` timestamp NULL DEFAULT NULL,
  `updated_at` timestamp NULL DEFAULT NULL
) ENGINE=InnoDB DEFAULT CHARSET=utf8mb4 COLLATE=utf8mb4_unicode_ci;

-- --------------------------------------------------------

--
-- Table structure for table `type_users`
--

CREATE TABLE `type_users` (
  `id` bigint(20) UNSIGNED NOT NULL,
  `title` varchar(191) COLLATE utf8mb4_unicode_ci NOT NULL
) ENGINE=InnoDB DEFAULT CHARSET=utf8mb4 COLLATE=utf8mb4_unicode_ci;

--
-- Dumping data for table `type_users`
--

INSERT INTO `type_users` (`id`, `title`) VALUES
(1, 'admin'),
(2, 'teacher'),
(3, 'student'),
(4, 'gust');

-- --------------------------------------------------------

--
-- Table structure for table `users`
--

CREATE TABLE `users` (
  `id` bigint(20) UNSIGNED NOT NULL,
  `name` varchar(191) COLLATE utf8mb4_unicode_ci DEFAULT NULL,
  `username` varchar(255) COLLATE utf8mb4_unicode_ci DEFAULT NULL,
  `email` varchar(191) COLLATE utf8mb4_unicode_ci DEFAULT NULL,
  `api_token` varchar(255) COLLATE utf8mb4_unicode_ci DEFAULT NULL,
  `level` varchar(255) COLLATE utf8mb4_unicode_ci DEFAULT NULL,
  `email_verified_at` timestamp NULL DEFAULT NULL,
  `image` varchar(255) COLLATE utf8mb4_unicode_ci DEFAULT NULL,
  `phone` varchar(255) COLLATE utf8mb4_unicode_ci DEFAULT NULL,
  `phone_verify` tinyint(1) DEFAULT 0,
  `phone_number` varchar(255) COLLATE utf8mb4_unicode_ci DEFAULT NULL,
  `type_id` bigint(20) UNSIGNED DEFAULT NULL,
  `state_id` bigint(20) UNSIGNED DEFAULT NULL,
  `city_id` bigint(20) UNSIGNED DEFAULT NULL,
  `birthdate` varchar(255) COLLATE utf8mb4_unicode_ci DEFAULT NULL,
  `password` varchar(191) COLLATE utf8mb4_unicode_ci DEFAULT NULL,
  `address` text COLLATE utf8mb4_unicode_ci DEFAULT NULL,
  `status` int(1) NOT NULL DEFAULT 1,
  `state_status` bigint(20) DEFAULT NULL,
  `lat` varchar(255) COLLATE utf8mb4_unicode_ci DEFAULT NULL,
  `lng` varchar(255) COLLATE utf8mb4_unicode_ci DEFAULT NULL,
  `bio` text COLLATE utf8mb4_unicode_ci DEFAULT NULL,
  `remember_token` varchar(100) COLLATE utf8mb4_unicode_ci DEFAULT NULL,
  `created_at` timestamp NULL DEFAULT NULL,
  `updated_at` timestamp NULL DEFAULT NULL
) ENGINE=InnoDB DEFAULT CHARSET=utf8mb4 COLLATE=utf8mb4_unicode_ci;

--
-- Dumping data for table `users`
--

INSERT INTO `users` (`id`, `name`, `username`, `email`, `api_token`, `level`, `email_verified_at`, `image`, `phone`, `phone_verify`, `phone_number`, `type_id`, `state_id`, `city_id`, `birthdate`, `password`, `address`, `status`, `state_status`, `lat`, `lng`, `bio`, `remember_token`, `created_at`, `updated_at`) VALUES
(1, 'محمد حسین دیوان بیگی', 'hosseindbk', 'hosseindbk@yahoo.com', 'sFn72M45SwplaBxNUuZwCZmMdBVdT37XJvWgOtOBdH5a0H4db1fe9e1ldWO8QHRT643rfDGheA9z5dhU5qbi6HUaITqWs9yxdHmU', 'admin', NULL, 'image/user/fc69a90a4c1d93f47897551c2c09ddc4mahdialiakbarzade.jpg', '09128119938', 1, '02177247752', 1, 8, 329, '1371/04/16', '$2y$10$aht8hinWz1ixIdvZ4oL5xedEcxkNkTjKaO8ecGCbN1oCMwdkvgLQW', 'میدان ازادی خیابان 21', 2, 1, '35.77151119161614', '51.477207373827696', 'اینجانب محمد حسین دیوان بیگی فرزند مسعود دارای مدرک فوق لیسانس رشته مهندسی فناوری اطلاعات ', NULL, '2021-12-06 15:49:28', '2022-08-16 07:46:00');

-- --------------------------------------------------------

--
-- Table structure for table `versionapps`
--

CREATE TABLE `versionapps` (
  `id` int(11) NOT NULL,
  `version` varchar(6) CHARACTER SET utf8 NOT NULL,
  `force_update` int(1) NOT NULL,
  `has_update` int(1) NOT NULL,
  `url_update` varchar(255) COLLATE latin1_general_ci NOT NULL
) ENGINE=InnoDB DEFAULT CHARSET=latin1 COLLATE=latin1_general_ci;

--
-- Dumping data for table `versionapps`
--

INSERT INTO `versionapps` (`id`, `version`, `force_update`, `has_update`, `url_update`) VALUES
(1, '1.0.1', 0, 0, 'www.google.com');

-- --------------------------------------------------------

--
-- Table structure for table `visitors`
--

CREATE TABLE `visitors` (
  `id` bigint(20) UNSIGNED NOT NULL,
  `ip` varchar(20) COLLATE utf8mb4_unicode_ci DEFAULT NULL,
  `page_id` varchar(191) COLLATE utf8mb4_unicode_ci NOT NULL,
  `country` varchar(191) COLLATE utf8mb4_unicode_ci DEFAULT NULL,
  `device` varchar(191) COLLATE utf8mb4_unicode_ci DEFAULT NULL,
  `browser` varchar(191) COLLATE utf8mb4_unicode_ci DEFAULT NULL,
  `datetime` varchar(30) COLLATE utf8mb4_unicode_ci DEFAULT NULL,
  `created_at` timestamp NULL DEFAULT NULL,
  `updated_at` timestamp NULL DEFAULT NULL
) ENGINE=InnoDB DEFAULT CHARSET=utf8mb4 COLLATE=utf8mb4_unicode_ci;

--
-- Indexes for dumped tables
--

--
-- Indexes for table `active_codes`
--
ALTER TABLE `active_codes`
  ADD PRIMARY KEY (`id`),
  ADD UNIQUE KEY `active_codes_user_id_code_unique` (`user_id`,`code`);

--
-- Indexes for table `categories`
--
ALTER TABLE `categories`
  ADD PRIMARY KEY (`id`);

--
-- Indexes for table `category_dashes`
--
ALTER TABLE `category_dashes`
  ADD PRIMARY KEY (`id`);

--
-- Indexes for table `cities`
--
ALTER TABLE `cities`
  ADD PRIMARY KEY (`id`),
  ADD KEY `tbl_cities_state_id_foreign` (`state_id`);

--
-- Indexes for table `commentrates`
--
ALTER TABLE `commentrates`
  ADD PRIMARY KEY (`id`);

--
-- Indexes for table `comments`
--
ALTER TABLE `comments`
  ADD PRIMARY KEY (`id`);

--
-- Indexes for table `countries`
--
ALTER TABLE `countries`
  ADD PRIMARY KEY (`id`);

--
-- Indexes for table `failed_jobs`
--
ALTER TABLE `failed_jobs`
  ADD PRIMARY KEY (`id`);

--
-- Indexes for table `feeds`
--
ALTER TABLE `feeds`
  ADD PRIMARY KEY (`id`);

--
-- Indexes for table `markusers`
--
ALTER TABLE `markusers`
  ADD PRIMARY KEY (`id`),
  ADD KEY `markusers_user_id_foreign` (`user_id`),
  ADD KEY `markusers_supplier_id_foreign` (`supplier_id`),
  ADD KEY `markusers_technical_id_foreign` (`technical_id`),
  ADD KEY `markusers_offer_id_foreign` (`offer_id`),
  ADD KEY `markusers_product_id_foreign` (`product_id`);

--
-- Indexes for table `media`
--
ALTER TABLE `media`
  ADD PRIMARY KEY (`id`),
  ADD UNIQUE KEY `product_id` (`product_id`,`brand_id`,`technical_id`,`supplier_id`),
  ADD KEY `tbl_media_brand_id_foreign` (`brand_id`),
  ADD KEY `tbl_media_supplier_id_foreign` (`supplier_id`),
  ADD KEY `tbl_media_product_id_foreign` (`product_id`) USING BTREE,
  ADD KEY `tbl_media_technical_id_foreign` (`technical_id`) USING BTREE,
  ADD KEY `productbrandvariety_id` (`productbrandvariety_id`) USING BTREE;

--
-- Indexes for table `menudashboards`
--
ALTER TABLE `menudashboards`
  ADD PRIMARY KEY (`id`);

--
-- Indexes for table `menus`
--
ALTER TABLE `menus`
  ADD PRIMARY KEY (`id`);

--
-- Indexes for table `migrations`
--
ALTER TABLE `migrations`
  ADD PRIMARY KEY (`id`);

--
-- Indexes for table `offers`
--
ALTER TABLE `offers`
  ADD PRIMARY KEY (`id`),
  ADD KEY `offers_supplier_id_foreign` (`supplier_id`),
  ADD KEY `offers_user_id_foreign` (`user_id`),
  ADD KEY `offers_user_handle_foreign` (`user_handle`);

--
-- Indexes for table `password_resets`
--
ALTER TABLE `password_resets`
  ADD KEY `password_resets_email_index` (`email`);

--
-- Indexes for table `permissions`
--
ALTER TABLE `permissions`
  ADD PRIMARY KEY (`id`);

--
-- Indexes for table `permission_role`
--
ALTER TABLE `permission_role`
  ADD PRIMARY KEY (`role_id`,`permission_id`),
  ADD KEY `permission_role_permission_id_foreign` (`permission_id`);

--
-- Indexes for table `products`
--
ALTER TABLE `products`
  ADD PRIMARY KEY (`id`),
  ADD KEY `tbl_kala_kala_group_id_foreign` (`kala_group_id`),
  ADD KEY `unicode` (`unicode`) USING BTREE;

--
-- Indexes for table `product_brand_varieties`
--
ALTER TABLE `product_brand_varieties`
  ADD PRIMARY KEY (`id`),
  ADD KEY `productbrandvarietes_product_id_foreign` (`product_id`),
  ADD KEY `productbrandvarietes_brand_id_foreign` (`brand_id`);

--
-- Indexes for table `product_groups`
--
ALTER TABLE `product_groups`
  ADD PRIMARY KEY (`id`);

--
-- Indexes for table `representatives`
--
ALTER TABLE `representatives`
  ADD PRIMARY KEY (`id`),
  ADD KEY `brand_id` (`brand_id`),
  ADD KEY `supplier` (`supplier_id`);

--
-- Indexes for table `representative_suppliers`
--
ALTER TABLE `representative_suppliers`
  ADD PRIMARY KEY (`id`),
  ADD KEY `tbl_representative_supplier_supplier_id_foreign` (`supplier_id`),
  ADD KEY `tbl_representative_supplier_representative_id_foreign` (`representative_id`);

--
-- Indexes for table `roles`
--
ALTER TABLE `roles`
  ADD PRIMARY KEY (`id`);

--
-- Indexes for table `role_user`
--
ALTER TABLE `role_user`
  ADD KEY `role_user_role_id_foreign` (`role_id`);

--
-- Indexes for table `slides`
--
ALTER TABLE `slides`
  ADD PRIMARY KEY (`id`);

--
-- Indexes for table `slide_state`
--
ALTER TABLE `slide_state`
  ADD PRIMARY KEY (`slide_id`,`state_id`),
  ADD KEY `state_slide_state_id_foreign` (`state_id`);

--
-- Indexes for table `speakers`
--
ALTER TABLE `speakers`
  ADD PRIMARY KEY (`id`);

--
-- Indexes for table `states`
--
ALTER TABLE `states`
  ADD PRIMARY KEY (`id`);

--
-- Indexes for table `statuses`
--
ALTER TABLE `statuses`
  ADD PRIMARY KEY (`id`);

--
-- Indexes for table `submenudashboards`
--
ALTER TABLE `submenudashboards`
  ADD PRIMARY KEY (`id`);

--
-- Indexes for table `submenus`
--
ALTER TABLE `submenus`
  ADD PRIMARY KEY (`id`),
  ADD KEY `submenus_menu_id_foreign` (`menu_id`);

--
-- Indexes for table `suppliers`
--
ALTER TABLE `suppliers`
  ADD PRIMARY KEY (`id`),
  ADD KEY `tbl_suppliers_state_id_foreign` (`state_id`),
  ADD KEY `tbl_suppliers_city_id_foreign` (`city_id`);

--
-- Indexes for table `supplier_product_groups`
--
ALTER TABLE `supplier_product_groups`
  ADD PRIMARY KEY (`id`),
  ADD KEY `tbl_supplier_kala_groups_kala_group_id_foreign` (`kala_group_id`),
  ADD KEY `tbl_supplier_kala_groups_supplier_id_foreign` (`supplier_id`),
  ADD KEY `tbl_supplier_kala_groups_car_model_id_foreign` (`car_model_id`),
  ADD KEY `tbl_supplier_car_brand_id_foreign` (`car_brand_id`);

--
-- Indexes for table `technical_units`
--
ALTER TABLE `technical_units`
  ADD PRIMARY KEY (`id`),
  ADD KEY `tbl_technical_unit_state_id_foreign` (`state_id`),
  ADD KEY `tbl_technical_unit_city_id_foreign` (`city_id`),
  ADD KEY `tbl_technical_unit_user_id_foreign` (`user_id`) USING BTREE;

--
-- Indexes for table `type_users`
--
ALTER TABLE `type_users`
  ADD PRIMARY KEY (`id`);

--
-- Indexes for table `users`
--
ALTER TABLE `users`
  ADD PRIMARY KEY (`id`),
  ADD UNIQUE KEY `users_email_unique` (`email`),
  ADD UNIQUE KEY `api_token` (`api_token`),
  ADD KEY `state_id` (`state_id`),
  ADD KEY `city_id` (`city_id`),
  ADD KEY `type_id` (`type_id`);

--
-- Indexes for table `versionapps`
--
ALTER TABLE `versionapps`
  ADD PRIMARY KEY (`id`);

--
-- Indexes for table `visitors`
--
ALTER TABLE `visitors`
  ADD PRIMARY KEY (`id`);

--
-- AUTO_INCREMENT for dumped tables
--

--
-- AUTO_INCREMENT for table `active_codes`
--
ALTER TABLE `active_codes`
  MODIFY `id` bigint(20) UNSIGNED NOT NULL AUTO_INCREMENT, AUTO_INCREMENT=465;

--
-- AUTO_INCREMENT for table `categories`
--
ALTER TABLE `categories`
  MODIFY `id` int(10) UNSIGNED NOT NULL AUTO_INCREMENT, AUTO_INCREMENT=5;

--
-- AUTO_INCREMENT for table `category_dashes`
--
ALTER TABLE `category_dashes`
  MODIFY `id` int(10) UNSIGNED NOT NULL AUTO_INCREMENT, AUTO_INCREMENT=4;

--
-- AUTO_INCREMENT for table `cities`
--
ALTER TABLE `cities`
  MODIFY `id` bigint(20) UNSIGNED NOT NULL AUTO_INCREMENT, AUTO_INCREMENT=1250;

--
-- AUTO_INCREMENT for table `commentrates`
--
ALTER TABLE `commentrates`
  MODIFY `id` bigint(20) UNSIGNED NOT NULL AUTO_INCREMENT;

--
-- AUTO_INCREMENT for table `comments`
--
ALTER TABLE `comments`
  MODIFY `id` bigint(20) UNSIGNED NOT NULL AUTO_INCREMENT;

--
-- AUTO_INCREMENT for table `countries`
--
ALTER TABLE `countries`
  MODIFY `id` int(11) UNSIGNED NOT NULL AUTO_INCREMENT, AUTO_INCREMENT=258;

--
-- AUTO_INCREMENT for table `failed_jobs`
--
ALTER TABLE `failed_jobs`
  MODIFY `id` bigint(20) UNSIGNED NOT NULL AUTO_INCREMENT;

--
-- AUTO_INCREMENT for table `feeds`
--
ALTER TABLE `feeds`
  MODIFY `id` bigint(20) UNSIGNED NOT NULL AUTO_INCREMENT;

--
-- AUTO_INCREMENT for table `markusers`
--
ALTER TABLE `markusers`
  MODIFY `id` bigint(20) UNSIGNED NOT NULL AUTO_INCREMENT;

--
-- AUTO_INCREMENT for table `media`
--
ALTER TABLE `media`
  MODIFY `id` bigint(20) UNSIGNED NOT NULL AUTO_INCREMENT;

--
-- AUTO_INCREMENT for table `menudashboards`
--
ALTER TABLE `menudashboards`
  MODIFY `id` bigint(20) UNSIGNED NOT NULL AUTO_INCREMENT, AUTO_INCREMENT=5;

--
-- AUTO_INCREMENT for table `menus`
--
ALTER TABLE `menus`
  MODIFY `id` bigint(20) UNSIGNED NOT NULL AUTO_INCREMENT, AUTO_INCREMENT=16;

--
-- AUTO_INCREMENT for table `migrations`
--
ALTER TABLE `migrations`
  MODIFY `id` int(10) UNSIGNED NOT NULL AUTO_INCREMENT, AUTO_INCREMENT=25;

--
-- AUTO_INCREMENT for table `offers`
--
ALTER TABLE `offers`
  MODIFY `id` bigint(20) UNSIGNED NOT NULL AUTO_INCREMENT;

--
-- AUTO_INCREMENT for table `permissions`
--
ALTER TABLE `permissions`
  MODIFY `id` int(10) UNSIGNED NOT NULL AUTO_INCREMENT, AUTO_INCREMENT=65;

--
-- AUTO_INCREMENT for table `products`
--
ALTER TABLE `products`
  MODIFY `id` bigint(20) UNSIGNED NOT NULL AUTO_INCREMENT;

--
-- AUTO_INCREMENT for table `product_brand_varieties`
--
ALTER TABLE `product_brand_varieties`
  MODIFY `id` bigint(20) UNSIGNED NOT NULL AUTO_INCREMENT;

--
-- AUTO_INCREMENT for table `product_groups`
--
ALTER TABLE `product_groups`
  MODIFY `id` bigint(20) UNSIGNED NOT NULL AUTO_INCREMENT;

--
-- AUTO_INCREMENT for table `representatives`
--
ALTER TABLE `representatives`
  MODIFY `id` bigint(20) UNSIGNED NOT NULL AUTO_INCREMENT, AUTO_INCREMENT=17;

--
-- AUTO_INCREMENT for table `representative_suppliers`
--
ALTER TABLE `representative_suppliers`
  MODIFY `id` bigint(20) UNSIGNED NOT NULL AUTO_INCREMENT;

--
-- AUTO_INCREMENT for table `roles`
--
ALTER TABLE `roles`
  MODIFY `id` int(10) UNSIGNED NOT NULL AUTO_INCREMENT, AUTO_INCREMENT=12;

--
-- AUTO_INCREMENT for table `slides`
--
ALTER TABLE `slides`
  MODIFY `id` bigint(20) UNSIGNED NOT NULL AUTO_INCREMENT, AUTO_INCREMENT=4;

--
-- AUTO_INCREMENT for table `speakers`
--
ALTER TABLE `speakers`
  MODIFY `id` bigint(20) UNSIGNED NOT NULL AUTO_INCREMENT;

--
-- AUTO_INCREMENT for table `states`
--
ALTER TABLE `states`
  MODIFY `id` bigint(20) UNSIGNED NOT NULL AUTO_INCREMENT, AUTO_INCREMENT=97;

--
-- AUTO_INCREMENT for table `statuses`
--
ALTER TABLE `statuses`
  MODIFY `id` bigint(20) UNSIGNED NOT NULL AUTO_INCREMENT, AUTO_INCREMENT=7;

--
-- AUTO_INCREMENT for table `submenudashboards`
--
ALTER TABLE `submenudashboards`
  MODIFY `id` bigint(20) UNSIGNED NOT NULL AUTO_INCREMENT, AUTO_INCREMENT=42;

--
-- AUTO_INCREMENT for table `submenus`
--
ALTER TABLE `submenus`
  MODIFY `id` bigint(20) UNSIGNED NOT NULL AUTO_INCREMENT, AUTO_INCREMENT=6;

--
-- AUTO_INCREMENT for table `suppliers`
--
ALTER TABLE `suppliers`
  MODIFY `id` bigint(20) UNSIGNED NOT NULL AUTO_INCREMENT;

--
-- AUTO_INCREMENT for table `supplier_product_groups`
--
ALTER TABLE `supplier_product_groups`
  MODIFY `id` bigint(20) UNSIGNED NOT NULL AUTO_INCREMENT;

--
-- AUTO_INCREMENT for table `technical_units`
--
ALTER TABLE `technical_units`
  MODIFY `id` bigint(20) UNSIGNED NOT NULL AUTO_INCREMENT;

--
-- AUTO_INCREMENT for table `type_users`
--
ALTER TABLE `type_users`
  MODIFY `id` bigint(20) UNSIGNED NOT NULL AUTO_INCREMENT, AUTO_INCREMENT=6;

--
-- AUTO_INCREMENT for table `users`
--
ALTER TABLE `users`
  MODIFY `id` bigint(20) UNSIGNED NOT NULL AUTO_INCREMENT, AUTO_INCREMENT=1327;

--
-- AUTO_INCREMENT for table `versionapps`
--
ALTER TABLE `versionapps`
  MODIFY `id` int(11) NOT NULL AUTO_INCREMENT, AUTO_INCREMENT=2;

--
-- AUTO_INCREMENT for table `visitors`
--
ALTER TABLE `visitors`
  MODIFY `id` bigint(20) UNSIGNED NOT NULL AUTO_INCREMENT;

--
-- Constraints for dumped tables
--

--
-- Constraints for table `active_codes`
--
ALTER TABLE `active_codes`
  ADD CONSTRAINT `active_codes_user_id_foreign` FOREIGN KEY (`user_id`) REFERENCES `users` (`id`) ON DELETE CASCADE;

--
-- Constraints for table `submenus`
--
ALTER TABLE `submenus`
  ADD CONSTRAINT `submenus_menu_id_foreign` FOREIGN KEY (`menu_id`) REFERENCES `menus` (`id`) ON DELETE CASCADE;
COMMIT;

/*!40101 SET CHARACTER_SET_CLIENT=@OLD_CHARACTER_SET_CLIENT */;
/*!40101 SET CHARACTER_SET_RESULTS=@OLD_CHARACTER_SET_RESULTS */;
/*!40101 SET COLLATION_CONNECTION=@OLD_COLLATION_CONNECTION */;
